age_at_visit,age_group,age_group_display
0,age_00_to_01,Infant
1,age_01_to_05,Early childhood
2,age_01_to_05,Early childhood
3,age_01_to_05,Early childhood
4,age_01_to_05,Early childhood
5,age_05_to_12,Childhood
6,age_05_to_12,Childhood
7,age_05_to_12,Childhood
8,age_05_to_12,Childhood
9,age_05_to_12,Childhood
10,age_05_to_12,Childhood
11,age_05_to_12,Childhood
12,age_12_to_18,Adolescent
13,age_12_to_18,Adolescent
14,age_12_to_18,Adolescent
15,age_12_to_18,Adolescent
16,age_12_to_18,Adolescent
17,age_12_to_18,Adolescent
18,age_18_to_26,Young adult
19,age_18_to_26,Young adult
20,age_18_to_26,Young adult
21,age_18_to_26,Young adult
22,age_18_to_26,Young adult
23,age_18_to_26,Young adult
24,age_18_to_26,Young adult
25,age_18_to_26,Young adult
26,age_26_to_65,Adult
27,age_26_to_65,Adult
28,age_26_to_65,Adult
29,age_26_to_65,Adult
30,age_26_to_65,Adult
31,age_26_to_65,Adult
32,age_26_to_65,Adult
33,age_26_to_65,Adult
34,age_26_to_65,Adult
35,age_26_to_65,Adult
36,age_26_to_65,Adult
37,age_26_to_65,Adult
38,age_26_to_65,Adult
39,age_26_to_65,Adult
40,age_26_to_65,Adult
41,age_26_to_65,Adult
42,age_26_to_65,Adult
43,age_26_to_65,Adult
44,age_26_to_65,Adult
45,age_26_to_65,Adult
46,age_26_to_65,Adult
47,age_26_to_65,Adult
48,age_26_to_65,Adult
49,age_26_to_65,Adult
50,age_26_to_65,Adult
51,age_26_to_65,Adult
52,age_26_to_65,Adult
53,age_26_to_65,Adult
54,age_26_to_65,Adult
55,age_26_to_65,Adult
56,age_26_to_65,Adult
57,age_26_to_65,Adult
58,age_26_to_65,Adult
59,age_26_to_65,Adult
60,age_26_to_65,Adult
61,age_26_to_65,Adult
62,age_26_to_65,Adult
63,age_26_to_65,Adult
64,age_26_to_65,Adult
65,age_65_to_121,Older adult
66,age_65_to_121,Older adult
67,age_65_to_121,Older adult
68,age_65_to_121,Older adult
69,age_65_to_121,Older adult
70,age_65_to_121,Older adult
71,age_65_to_121,Older adult
72,age_65_to_121,Older adult
73,age_65_to_121,Older adult
74,age_65_to_121,Older adult
75,age_65_to_121,Older adult
76,age_65_to_121,Older adult
77,age_65_to_121,Older adult
78,age_65_to_121,Older adult
79,age_65_to_121,Older adult
80,age_65_to_121,Older adult
81,age_65_to_121,Older adult
82,age_65_to_121,Older adult
83,age_65_to_121,Older adult
84,age_65_to_121,Older adult
85,age_65_to_121,Older adult
86,age_65_to_121,Older adult
87,age_65_to_121,Older adult
88,age_65_to_121,Older adult
89,age_65_to_121,Older adult
90,age_65_to_121,Older adult
91,age_65_to_121,Older adult
92,age_65_to_121,Older adult
93,age_65_to_121,Older adult
94,age_65_to_121,Older adult
95,age_65_to_121,Older adult
96,age_65_to_121,Older adult
97,age_65_to_121,Older adult
98,age_65_to_121,Older adult
99,age_65_to_121,Older adult
100,age_65_to_121,Older adult
101,age_65_to_121,Older adult
102,age_65_to_121,Older adult
103,age_65_to_121,Older adult
104,age_65_to_121,Older adult
105,age_65_to_121,Older adult
106,age_65_to_121,Older adult
107,age_65_to_121,Older adult
108,age_65_to_121,Older adult
109,age_65_to_121,Older adult
110,age_65_to_121,Older adult
111,age_65_to_121,Older adult
112,age_65_to_121,Older adult
113,age_65_to_121,Older adult
114,age_65_to_121,Older adult
115,age_65_to_121,Older adult
116,age_65_to_121,Older adult
117,age_65_to_121,Older adult
118,age_65_to_121,Older adult
119,age_65_to_121,Older adult
120,age_65_to_121,Older adult