name,display,description,details,type
cnt,Cnt,Number of distinct entities counted in this aggregate cell.,"The counted entity depends on the table (patient, encounter, note or report). Inspect its count expression and suppression threshold; do not sum overlapping cube cells.",integer
subject_ref,Subject ref,Patient reference used for linkage.,,string
encounter_ref,Encounter ref,Source encounter reference.,,string
encounter_ref_link,Encounter ref link,Retained study encounter assigned to the evidence record.,,string
encounter_ref_link_col,Encounter ref link col,Linking method: source encounter reference or date-based linkage.,,string
age_at_visit,Age at visit,"Age in years at the encounter, from core encounter data.",,integer
age_group,Age group,Age-group code assigned by the age-at-visit lookup.,Mappings: 0=age_00_to_01 (Infant); 1=age_01_to_05 (Early childhood); 2=age_01_to_05 (Early childhood); 3=age_01_to_05 (Early childhood); 4=age_01_to_05 (Early childhood); 5=age_05_to_12 (Childhood); 6=age_05_to_12 (Childhood); 7=age_05_to_12 (Childhood); 8=age_05_to_12 (Childhood),string
gender,Gender,Source administrative gender.,,string
race_display,Race display,Source race display text.,,string
ethnicity_display,Ethnicity display,Source ethnicity display text.,,string
status,Status,Encounter status in the study population table.,,string
enc_period_ordinal,Enc period ordinal,Encounter period ordinal used for utilization counting.,,integer
enc_period_start_day,Enc period start day,Encounter start date.,,day
enc_period_end_day,Enc period end day,Encounter end date.,,day
enc_period_end_day_filled,Enc period end day filled,"Encounter end date, falling back to start date when missing.",,day
code,Code,Coding value matched by the valueset.,,string
system,System,Coding-system identifier.,,string
display,Display,Human-readable coding display.,,string
variable,Variable,Valueset variable identifier in the union tables.,,string
tier,Tier,Source valueset evidence tier.,Retained as a string from CSV. Broad diagnosis codes do not independently confirm a histologic subtype.,string
subtype,Subtype,Tumor subtype label in the case-definition valueset.,,string
dx_atrt,Atrt — recorded evidence,Presence of matching coded evidence for Atrt.,"TRUE when matching evidence exists for the encounter; otherwise NULL in this table. This is not a numeric lab result, confirmed diagnosis, or proof of medication administration. Includes tiered codes; broad brain-cancer codes do not independently establish histologic subtype. Candidate-labeled entries require terminology review.",boolean
dx_brain_cancer,Brain Cancer — recorded evidence,Presence of matching coded evidence for Brain Cancer.,"TRUE when matching evidence exists for the encounter; otherwise NULL in this table. This is not a numeric lab result, confirmed diagnosis, or proof of medication administration. Includes tiered codes; broad brain-cancer codes do not independently establish histologic subtype. Candidate-labeled entries require terminology review.",boolean
dx_medulloblastoma,Medulloblastoma — recorded evidence,Presence of matching coded evidence for Medulloblastoma.,"TRUE when matching evidence exists for the encounter; otherwise NULL in this table. This is not a numeric lab result, confirmed diagnosis, or proof of medication administration. Includes tiered codes; broad brain-cancer codes do not independently establish histologic subtype. Candidate-labeled entries require terminology review.",boolean
lab_absolute_neutrophil_count,Absolute neutrophil count — recorded evidence,Presence of matching coded evidence for Absolute neutrophil count.,"TRUE when matching evidence exists for the encounter; otherwise NULL in this table. This is not a numeric lab result, confirmed diagnosis, or proof of medication administration. Two method variants; coverage not comprehensively audited.",boolean
lab_alt,Alanine aminotransferase (ALT) — recorded evidence,Presence of matching coded evidence for Alanine aminotransferase (ALT).,"TRUE when matching evidence exists for the encounter; otherwise NULL in this table. This is not a numeric lab result, confirmed diagnosis, or proof of medication administration. Includes P-5-P method variants and local codes; preserve method, specimen and units.",boolean
lab_ast,Aspartate aminotransferase (AST) — recorded evidence,Presence of matching coded evidence for Aspartate aminotransferase (AST).,"TRUE when matching evidence exists for the encounter; otherwise NULL in this table. This is not a numeric lab result, confirmed diagnosis, or proof of medication administration. Includes P-5-P method variants and local codes; local specimens require validation.",boolean
lab_creatinine,Creatinine — recorded evidence,Presence of matching coded evidence for Creatinine.,"TRUE when matching evidence exists for the encounter; otherwise NULL in this table. This is not a numeric lab result, confirmed diagnosis, or proof of medication administration. Only LOINC 2160-0 currently included; eight proposed multi-site LOINCs have not been added. Seven local candidates included by request; unspecified specimens and Prime + require site validation. Exclude urine, ratios, clearance and eGFR from this numeric variable.",boolean
lab_folate,Serum/plasma folate — recorded evidence,Presence of matching coded evidence for Serum/plasma folate.,"TRUE when matching evidence exists for the encounter; otherwise NULL in this table. This is not a numeric lab result, confirmed diagnosis, or proof of medication administration. Optional exploratory variable. Separate pretreatment from post-methotrexate/leucovorin results downstream; assay interference requires review. No treatment timing rule is implemented by this CSV.",boolean
lab_folate_interpretation,Lab folate interpretation,Folate interpretation: table-dependent flag or laboratory interpretation code,"NAME COLLISION: In pcx__cohort_variable_wide this column is a boolean flag for the folate-interpretation valueset; in pcx__cohort_variable_wide_lab it is the serum/plasma folate interpretation code. Dashboard type string is a display fallback, not a common SQL type. Distinct column names are required to resolve this conflict. Source: lab_interpretation_code; table: pcx__cohort_variable_wide_lab. Populated for matching lab_folate evidence, otherwise NULL. Distinct evidence rows are retained; no first/latest/min/max policy is applied. Optional exploratory variable. Separate pretreatment from post-methotrexate/leucovorin results downstream; assay interference requires review. No treatment timing rule is implemented by this CSV.",string
lab_folate_rbc,Red-cell folate — recorded evidence,Presence of matching coded evidence for Red-cell folate.,"TRUE when matching evidence exists for the encounter; otherwise NULL in this table. This is not a numeric lab result, confirmed diagnosis, or proof of medication administration. Keep separate from serum/plasma and whole blood. Local RBC Folate mapping requires site validation.",boolean
lab_folate_unspecified,Folate with unspecified local specimen — recorded evidence,Presence of matching coded evidence for Folate with unspecified local specimen.,"TRUE when matching evidence exists for the encounter; otherwise NULL in this table. This is not a numeric lab result, confirmed diagnosis, or proof of medication administration. Specimen, units and numeric result type unresolved; do not pool with serum/plasma or RBC measurements until validated.",boolean
lab_folate_whole_blood,Whole-blood folate — recorded evidence,Presence of matching coded evidence for Whole-blood folate.,"TRUE when matching evidence exists for the encounter; otherwise NULL in this table. This is not a numeric lab result, confirmed diagnosis, or proof of medication administration. Keep separate from RBC and serum/plasma folate.",boolean
lab_hemoglobin,Hemoglobin — recorded evidence,Presence of matching coded evidence for Hemoglobin.,"TRUE when matching evidence exists for the encounter; otherwise NULL in this table. This is not a numeric lab result, confirmed diagnosis, or proof of medication administration. Includes measured, calculated, molar and mass concentrations and special collection contexts. Local 923 Reticulocyte Hemoglobin remains included despite scope concern; separate before pooling as total blood hemoglobin.",boolean
lab_platelets,Platelet count — recorded evidence,Presence of matching coded evidence for Platelet count.,"TRUE when matching evidence exists for the encounter; otherwise NULL in this table. This is not a numeric lab result, confirmed diagnosis, or proof of medication administration. Includes manual, optical, estimated and EDTA clumping-context counts. External Platelets 1230000011 and Platelet Na Cit 1230011880 were suggested but have not been added.",boolean
lab_total_bilirubin,Total bilirubin — recorded evidence,Presence of matching coded evidence for Total bilirubin.,"TRUE when matching evidence exists for the encounter; otherwise NULL in this table. This is not a numeric lab result, confirmed diagnosis, or proof of medication administration. Single LOINC; coverage not comprehensively audited. Do not substitute direct or indirect bilirubin.",boolean
rx_chemo_carboplatin,Carboplatin — recorded evidence,Presence of matching coded evidence for Carboplatin.,"TRUE when matching evidence exists for the encounter; otherwise NULL in this table. This is not a numeric lab result, confirmed diagnosis, or proof of medication administration. Ingredient and product candidates as listed in source; completeness and current terminology status not audited. A prescription/order is not proof of administration, route, high-dose exposure or treatment completion.",boolean
rx_chemo_cisplatin,Cisplatin — recorded evidence,Presence of matching coded evidence for Cisplatin.,"TRUE when matching evidence exists for the encounter; otherwise NULL in this table. This is not a numeric lab result, confirmed diagnosis, or proof of medication administration. Ingredient and product candidates as listed in source; completeness and current terminology status not audited. A prescription/order is not proof of administration, route, high-dose exposure or treatment completion.",boolean
rx_chemo_cyclophosphamide,Cyclophosphamide — recorded evidence,Presence of matching coded evidence for Cyclophosphamide.,"TRUE when matching evidence exists for the encounter; otherwise NULL in this table. This is not a numeric lab result, confirmed diagnosis, or proof of medication administration. Ingredient and product candidates as listed in source; completeness and current terminology status not audited. A prescription/order is not proof of administration, route, high-dose exposure or treatment completion.",boolean
rx_chemo_etoposide,Etoposide — recorded evidence,Presence of matching coded evidence for Etoposide.,"TRUE when matching evidence exists for the encounter; otherwise NULL in this table. This is not a numeric lab result, confirmed diagnosis, or proof of medication administration. Ingredient and product candidates as listed in source; completeness and current terminology status not audited. A prescription/order is not proof of administration, route, high-dose exposure or treatment completion.",boolean
rx_contrast_methotrexate,Methotrexate — recorded evidence,Presence of matching coded evidence for Methotrexate.,"TRUE when matching evidence exists for the encounter; otherwise NULL in this table. This is not a numeric lab result, confirmed diagnosis, or proof of medication administration. Ingredient and product candidates as listed in source; completeness and current terminology status not audited. A prescription/order is not proof of administration, route, high-dose exposure or treatment completion.",boolean
rx_chemo_thiotepa,Thiotepa — recorded evidence,Presence of matching coded evidence for Thiotepa.,"TRUE when matching evidence exists for the encounter; otherwise NULL in this table. This is not a numeric lab result, confirmed diagnosis, or proof of medication administration. Ingredient and product candidates as listed in source; completeness and current terminology status not audited. A prescription/order is not proof of administration, route, high-dose exposure or treatment completion.",boolean
rx_chemo_vincristine,Vincristine — recorded evidence,Presence of matching coded evidence for Vincristine.,"TRUE when matching evidence exists for the encounter; otherwise NULL in this table. This is not a numeric lab result, confirmed diagnosis, or proof of medication administration. Ingredient and product candidates as listed in source; completeness and current terminology status not audited. A prescription/order is not proof of administration, route, high-dose exposure or treatment completion.",boolean
lab_absolute_neutrophil_count_date,Lab absolute neutrophil count date,Observation effective timestamp,"Source: lab_effectivedate; table: pcx__cohort_variable_wide_lab. Populated for matching lab_absolute_neutrophil_count evidence, otherwise NULL. Distinct evidence rows are retained; no first/latest/min/max policy is applied. Dashboard type string preserves timestamp precision; day is not asserted. Two method variants; coverage not comprehensively audited.",string
lab_absolute_neutrophil_count_interpretation,Lab absolute neutrophil count interpretation,Laboratory-supplied interpretation code,"Source: lab_interpretation_code; table: pcx__cohort_variable_wide_lab. Populated for matching lab_absolute_neutrophil_count evidence, otherwise NULL. Distinct evidence rows are retained; no first/latest/min/max policy is applied. Two method variants; coverage not comprehensively audited.",string
lab_absolute_neutrophil_count_value,Lab absolute neutrophil count value,Raw numeric laboratory quantity,"Source: lab_valuequantity_value; table: pcx__cohort_variable_wide_lab. Populated for matching lab_absolute_neutrophil_count evidence, otherwise NULL. Distinct evidence rows are retained; no first/latest/min/max policy is applied. Interpret with unit and comparator; no unit conversion is applied. Qualitative/narrative observations may have no numeric quantity. Two method variants; coverage not comprehensively audited.",float
lab_absolute_neutrophil_count_unit,Lab absolute neutrophil count unit,Source laboratory unit display,"Source: lab_valuequantity_unit; table: pcx__cohort_variable_wide_lab. Populated for matching lab_absolute_neutrophil_count evidence, otherwise NULL. Distinct evidence rows are retained; no first/latest/min/max policy is applied. Two method variants; coverage not comprehensively audited.",string
lab_absolute_neutrophil_count_ref,Lab absolute neutrophil count ref,Observation reference,"Source: observation_ref; table: pcx__cohort_variable_wide_lab. Populated for matching lab_absolute_neutrophil_count evidence, otherwise NULL. Distinct evidence rows are retained; no first/latest/min/max policy is applied. Two method variants; coverage not comprehensively audited.",string
lab_alt_date,Lab alt date,Observation effective timestamp,"Source: lab_effectivedate; table: pcx__cohort_variable_wide_lab. Populated for matching lab_alt evidence, otherwise NULL. Distinct evidence rows are retained; no first/latest/min/max policy is applied. Dashboard type string preserves timestamp precision; day is not asserted. Includes P-5-P method variants and local codes; preserve method, specimen and units.",string
lab_alt_interpretation,Lab alt interpretation,Laboratory-supplied interpretation code,"Source: lab_interpretation_code; table: pcx__cohort_variable_wide_lab. Populated for matching lab_alt evidence, otherwise NULL. Distinct evidence rows are retained; no first/latest/min/max policy is applied. Includes P-5-P method variants and local codes; preserve method, specimen and units.",string
lab_alt_value,Lab alt value,Raw numeric laboratory quantity,"Source: lab_valuequantity_value; table: pcx__cohort_variable_wide_lab. Populated for matching lab_alt evidence, otherwise NULL. Distinct evidence rows are retained; no first/latest/min/max policy is applied. Interpret with unit and comparator; no unit conversion is applied. Qualitative/narrative observations may have no numeric quantity. Includes P-5-P method variants and local codes; preserve method, specimen and units.",float
lab_alt_unit,Lab alt unit,Source laboratory unit display,"Source: lab_valuequantity_unit; table: pcx__cohort_variable_wide_lab. Populated for matching lab_alt evidence, otherwise NULL. Distinct evidence rows are retained; no first/latest/min/max policy is applied. Includes P-5-P method variants and local codes; preserve method, specimen and units.",string
lab_alt_ref,Lab alt ref,Observation reference,"Source: observation_ref; table: pcx__cohort_variable_wide_lab. Populated for matching lab_alt evidence, otherwise NULL. Distinct evidence rows are retained; no first/latest/min/max policy is applied. Includes P-5-P method variants and local codes; preserve method, specimen and units.",string
lab_ast_date,Lab ast date,Observation effective timestamp,"Source: lab_effectivedate; table: pcx__cohort_variable_wide_lab. Populated for matching lab_ast evidence, otherwise NULL. Distinct evidence rows are retained; no first/latest/min/max policy is applied. Dashboard type string preserves timestamp precision; day is not asserted. Includes P-5-P method variants and local codes; local specimens require validation.",string
lab_ast_interpretation,Lab ast interpretation,Laboratory-supplied interpretation code,"Source: lab_interpretation_code; table: pcx__cohort_variable_wide_lab. Populated for matching lab_ast evidence, otherwise NULL. Distinct evidence rows are retained; no first/latest/min/max policy is applied. Includes P-5-P method variants and local codes; local specimens require validation.",string
lab_ast_value,Lab ast value,Raw numeric laboratory quantity,"Source: lab_valuequantity_value; table: pcx__cohort_variable_wide_lab. Populated for matching lab_ast evidence, otherwise NULL. Distinct evidence rows are retained; no first/latest/min/max policy is applied. Interpret with unit and comparator; no unit conversion is applied. Qualitative/narrative observations may have no numeric quantity. Includes P-5-P method variants and local codes; local specimens require validation.",float
lab_ast_unit,Lab ast unit,Source laboratory unit display,"Source: lab_valuequantity_unit; table: pcx__cohort_variable_wide_lab. Populated for matching lab_ast evidence, otherwise NULL. Distinct evidence rows are retained; no first/latest/min/max policy is applied. Includes P-5-P method variants and local codes; local specimens require validation.",string
lab_ast_ref,Lab ast ref,Observation reference,"Source: observation_ref; table: pcx__cohort_variable_wide_lab. Populated for matching lab_ast evidence, otherwise NULL. Distinct evidence rows are retained; no first/latest/min/max policy is applied. Includes P-5-P method variants and local codes; local specimens require validation.",string
lab_creatinine_date,Lab creatinine date,Observation effective timestamp,"Source: lab_effectivedate; table: pcx__cohort_variable_wide_lab. Populated for matching lab_creatinine evidence, otherwise NULL. Distinct evidence rows are retained; no first/latest/min/max policy is applied. Dashboard type string preserves timestamp precision; day is not asserted. Only LOINC 2160-0 currently included; eight proposed multi-site LOINCs have not been added. Seven local candidates included by request; unspecified specimens and Prime + require site validation. Exclude urine, ratios, clearance and eGFR from this numeric variable.",string
lab_creatinine_interpretation,Lab creatinine interpretation,Laboratory-supplied interpretation code,"Source: lab_interpretation_code; table: pcx__cohort_variable_wide_lab. Populated for matching lab_creatinine evidence, otherwise NULL. Distinct evidence rows are retained; no first/latest/min/max policy is applied. Only LOINC 2160-0 currently included; eight proposed multi-site LOINCs have not been added. Seven local candidates included by request; unspecified specimens and Prime + require site validation. Exclude urine, ratios, clearance and eGFR from this numeric variable.",string
lab_creatinine_value,Lab creatinine value,Raw numeric laboratory quantity,"Source: lab_valuequantity_value; table: pcx__cohort_variable_wide_lab. Populated for matching lab_creatinine evidence, otherwise NULL. Distinct evidence rows are retained; no first/latest/min/max policy is applied. Interpret with unit and comparator; no unit conversion is applied. Qualitative/narrative observations may have no numeric quantity. Only LOINC 2160-0 currently included; eight proposed multi-site LOINCs have not been added. Seven local candidates included by request; unspecified specimens and Prime + require site validation. Exclude urine, ratios, clearance and eGFR from this numeric variable.",float
lab_creatinine_unit,Lab creatinine unit,Source laboratory unit display,"Source: lab_valuequantity_unit; table: pcx__cohort_variable_wide_lab. Populated for matching lab_creatinine evidence, otherwise NULL. Distinct evidence rows are retained; no first/latest/min/max policy is applied. Only LOINC 2160-0 currently included; eight proposed multi-site LOINCs have not been added. Seven local candidates included by request; unspecified specimens and Prime + require site validation. Exclude urine, ratios, clearance and eGFR from this numeric variable.",string
lab_creatinine_ref,Lab creatinine ref,Observation reference,"Source: observation_ref; table: pcx__cohort_variable_wide_lab. Populated for matching lab_creatinine evidence, otherwise NULL. Distinct evidence rows are retained; no first/latest/min/max policy is applied. Only LOINC 2160-0 currently included; eight proposed multi-site LOINCs have not been added. Seven local candidates included by request; unspecified specimens and Prime + require site validation. Exclude urine, ratios, clearance and eGFR from this numeric variable.",string
lab_folate_date,Lab folate date,Observation effective timestamp,"Source: lab_effectivedate; table: pcx__cohort_variable_wide_lab. Populated for matching lab_folate evidence, otherwise NULL. Distinct evidence rows are retained; no first/latest/min/max policy is applied. Dashboard type string preserves timestamp precision; day is not asserted. Optional exploratory variable. Separate pretreatment from post-methotrexate/leucovorin results downstream; assay interference requires review. No treatment timing rule is implemented by this CSV.",string
lab_folate_value,Lab folate value,Raw numeric laboratory quantity,"Source: lab_valuequantity_value; table: pcx__cohort_variable_wide_lab. Populated for matching lab_folate evidence, otherwise NULL. Distinct evidence rows are retained; no first/latest/min/max policy is applied. Interpret with unit and comparator; no unit conversion is applied. Qualitative/narrative observations may have no numeric quantity. Optional exploratory variable. Separate pretreatment from post-methotrexate/leucovorin results downstream; assay interference requires review. No treatment timing rule is implemented by this CSV.",float
lab_folate_unit,Lab folate unit,Source laboratory unit display,"Source: lab_valuequantity_unit; table: pcx__cohort_variable_wide_lab. Populated for matching lab_folate evidence, otherwise NULL. Distinct evidence rows are retained; no first/latest/min/max policy is applied. Optional exploratory variable. Separate pretreatment from post-methotrexate/leucovorin results downstream; assay interference requires review. No treatment timing rule is implemented by this CSV.",string
lab_folate_ref,Lab folate ref,Observation reference,"Source: observation_ref; table: pcx__cohort_variable_wide_lab. Populated for matching lab_folate evidence, otherwise NULL. Distinct evidence rows are retained; no first/latest/min/max policy is applied. Optional exploratory variable. Separate pretreatment from post-methotrexate/leucovorin results downstream; assay interference requires review. No treatment timing rule is implemented by this CSV.",string
lab_folate_interpretation_date,Lab folate interpretation date,Observation effective timestamp,"Source: lab_effectivedate; table: pcx__cohort_variable_wide_lab. Populated for matching lab_folate_interpretation evidence, otherwise NULL. Distinct evidence rows are retained; no first/latest/min/max policy is applied. Dashboard type string preserves timestamp precision; day is not asserted. Not a numeric concentration; matching code presence alone does not establish deficiency.",string
lab_folate_interpretation_interpretation,Lab folate interpretation interpretation,Laboratory-supplied interpretation code,"Source: lab_interpretation_code; table: pcx__cohort_variable_wide_lab. Populated for matching lab_folate_interpretation evidence, otherwise NULL. Distinct evidence rows are retained; no first/latest/min/max policy is applied. Not a numeric concentration; matching code presence alone does not establish deficiency.",string
lab_folate_interpretation_value,Lab folate interpretation value,Raw numeric laboratory quantity,"Source: lab_valuequantity_value; table: pcx__cohort_variable_wide_lab. Populated for matching lab_folate_interpretation evidence, otherwise NULL. Distinct evidence rows are retained; no first/latest/min/max policy is applied. Interpret with unit and comparator; no unit conversion is applied. Qualitative/narrative observations may have no numeric quantity. Not a numeric concentration; matching code presence alone does not establish deficiency.",float
lab_folate_interpretation_unit,Lab folate interpretation unit,Source laboratory unit display,"Source: lab_valuequantity_unit; table: pcx__cohort_variable_wide_lab. Populated for matching lab_folate_interpretation evidence, otherwise NULL. Distinct evidence rows are retained; no first/latest/min/max policy is applied. Not a numeric concentration; matching code presence alone does not establish deficiency.",string
lab_folate_interpretation_ref,Lab folate interpretation ref,Observation reference,"Source: observation_ref; table: pcx__cohort_variable_wide_lab. Populated for matching lab_folate_interpretation evidence, otherwise NULL. Distinct evidence rows are retained; no first/latest/min/max policy is applied. Not a numeric concentration; matching code presence alone does not establish deficiency.",string
lab_folate_rbc_date,Lab folate rbc date,Observation effective timestamp,"Source: lab_effectivedate; table: pcx__cohort_variable_wide_lab. Populated for matching lab_folate_rbc evidence, otherwise NULL. Distinct evidence rows are retained; no first/latest/min/max policy is applied. Dashboard type string preserves timestamp precision; day is not asserted. Keep separate from serum/plasma and whole blood. Local RBC Folate mapping requires site validation.",string
lab_folate_rbc_interpretation,Lab folate rbc interpretation,Laboratory-supplied interpretation code,"Source: lab_interpretation_code; table: pcx__cohort_variable_wide_lab. Populated for matching lab_folate_rbc evidence, otherwise NULL. Distinct evidence rows are retained; no first/latest/min/max policy is applied. Keep separate from serum/plasma and whole blood. Local RBC Folate mapping requires site validation.",string
lab_folate_rbc_value,Lab folate rbc value,Raw numeric laboratory quantity,"Source: lab_valuequantity_value; table: pcx__cohort_variable_wide_lab. Populated for matching lab_folate_rbc evidence, otherwise NULL. Distinct evidence rows are retained; no first/latest/min/max policy is applied. Interpret with unit and comparator; no unit conversion is applied. Qualitative/narrative observations may have no numeric quantity. Keep separate from serum/plasma and whole blood. Local RBC Folate mapping requires site validation.",float
lab_folate_rbc_unit,Lab folate rbc unit,Source laboratory unit display,"Source: lab_valuequantity_unit; table: pcx__cohort_variable_wide_lab. Populated for matching lab_folate_rbc evidence, otherwise NULL. Distinct evidence rows are retained; no first/latest/min/max policy is applied. Keep separate from serum/plasma and whole blood. Local RBC Folate mapping requires site validation.",string
lab_folate_rbc_ref,Lab folate rbc ref,Observation reference,"Source: observation_ref; table: pcx__cohort_variable_wide_lab. Populated for matching lab_folate_rbc evidence, otherwise NULL. Distinct evidence rows are retained; no first/latest/min/max policy is applied. Keep separate from serum/plasma and whole blood. Local RBC Folate mapping requires site validation.",string
lab_folate_unspecified_date,Lab folate unspecified date,Observation effective timestamp,"Source: lab_effectivedate; table: pcx__cohort_variable_wide_lab. Populated for matching lab_folate_unspecified evidence, otherwise NULL. Distinct evidence rows are retained; no first/latest/min/max policy is applied. Dashboard type string preserves timestamp precision; day is not asserted. Specimen, units and numeric result type unresolved; do not pool with serum/plasma or RBC measurements until validated.",string
lab_folate_unspecified_interpretation,Lab folate unspecified interpretation,Laboratory-supplied interpretation code,"Source: lab_interpretation_code; table: pcx__cohort_variable_wide_lab. Populated for matching lab_folate_unspecified evidence, otherwise NULL. Distinct evidence rows are retained; no first/latest/min/max policy is applied. Specimen, units and numeric result type unresolved; do not pool with serum/plasma or RBC measurements until validated.",string
lab_folate_unspecified_value,Lab folate unspecified value,Raw numeric laboratory quantity,"Source: lab_valuequantity_value; table: pcx__cohort_variable_wide_lab. Populated for matching lab_folate_unspecified evidence, otherwise NULL. Distinct evidence rows are retained; no first/latest/min/max policy is applied. Interpret with unit and comparator; no unit conversion is applied. Qualitative/narrative observations may have no numeric quantity. Specimen, units and numeric result type unresolved; do not pool with serum/plasma or RBC measurements until validated.",float
lab_folate_unspecified_unit,Lab folate unspecified unit,Source laboratory unit display,"Source: lab_valuequantity_unit; table: pcx__cohort_variable_wide_lab. Populated for matching lab_folate_unspecified evidence, otherwise NULL. Distinct evidence rows are retained; no first/latest/min/max policy is applied. Specimen, units and numeric result type unresolved; do not pool with serum/plasma or RBC measurements until validated.",string
lab_folate_unspecified_ref,Lab folate unspecified ref,Observation reference,"Source: observation_ref; table: pcx__cohort_variable_wide_lab. Populated for matching lab_folate_unspecified evidence, otherwise NULL. Distinct evidence rows are retained; no first/latest/min/max policy is applied. Specimen, units and numeric result type unresolved; do not pool with serum/plasma or RBC measurements until validated.",string
lab_folate_whole_blood_date,Lab folate whole blood date,Observation effective timestamp,"Source: lab_effectivedate; table: pcx__cohort_variable_wide_lab. Populated for matching lab_folate_whole_blood evidence, otherwise NULL. Distinct evidence rows are retained; no first/latest/min/max policy is applied. Dashboard type string preserves timestamp precision; day is not asserted. Keep separate from RBC and serum/plasma folate.",string
lab_folate_whole_blood_interpretation,Lab folate whole blood interpretation,Laboratory-supplied interpretation code,"Source: lab_interpretation_code; table: pcx__cohort_variable_wide_lab. Populated for matching lab_folate_whole_blood evidence, otherwise NULL. Distinct evidence rows are retained; no first/latest/min/max policy is applied. Keep separate from RBC and serum/plasma folate.",string
lab_folate_whole_blood_value,Lab folate whole blood value,Raw numeric laboratory quantity,"Source: lab_valuequantity_value; table: pcx__cohort_variable_wide_lab. Populated for matching lab_folate_whole_blood evidence, otherwise NULL. Distinct evidence rows are retained; no first/latest/min/max policy is applied. Interpret with unit and comparator; no unit conversion is applied. Qualitative/narrative observations may have no numeric quantity. Keep separate from RBC and serum/plasma folate.",float
lab_folate_whole_blood_unit,Lab folate whole blood unit,Source laboratory unit display,"Source: lab_valuequantity_unit; table: pcx__cohort_variable_wide_lab. Populated for matching lab_folate_whole_blood evidence, otherwise NULL. Distinct evidence rows are retained; no first/latest/min/max policy is applied. Keep separate from RBC and serum/plasma folate.",string
lab_folate_whole_blood_ref,Lab folate whole blood ref,Observation reference,"Source: observation_ref; table: pcx__cohort_variable_wide_lab. Populated for matching lab_folate_whole_blood evidence, otherwise NULL. Distinct evidence rows are retained; no first/latest/min/max policy is applied. Keep separate from RBC and serum/plasma folate.",string
lab_hemoglobin_date,Lab hemoglobin date,Observation effective timestamp,"Source: lab_effectivedate; table: pcx__cohort_variable_wide_lab. Populated for matching lab_hemoglobin evidence, otherwise NULL. Distinct evidence rows are retained; no first/latest/min/max policy is applied. Dashboard type string preserves timestamp precision; day is not asserted. Includes measured, calculated, molar and mass concentrations and special collection contexts. Local 923 Reticulocyte Hemoglobin remains included despite scope concern; separate before pooling as total blood hemoglobin.",string
lab_hemoglobin_interpretation,Lab hemoglobin interpretation,Laboratory-supplied interpretation code,"Source: lab_interpretation_code; table: pcx__cohort_variable_wide_lab. Populated for matching lab_hemoglobin evidence, otherwise NULL. Distinct evidence rows are retained; no first/latest/min/max policy is applied. Includes measured, calculated, molar and mass concentrations and special collection contexts. Local 923 Reticulocyte Hemoglobin remains included despite scope concern; separate before pooling as total blood hemoglobin.",string
lab_hemoglobin_value,Lab hemoglobin value,Raw numeric laboratory quantity,"Source: lab_valuequantity_value; table: pcx__cohort_variable_wide_lab. Populated for matching lab_hemoglobin evidence, otherwise NULL. Distinct evidence rows are retained; no first/latest/min/max policy is applied. Interpret with unit and comparator; no unit conversion is applied. Qualitative/narrative observations may have no numeric quantity. Includes measured, calculated, molar and mass concentrations and special collection contexts. Local 923 Reticulocyte Hemoglobin remains included despite scope concern; separate before pooling as total blood hemoglobin.",float
lab_hemoglobin_unit,Lab hemoglobin unit,Source laboratory unit display,"Source: lab_valuequantity_unit; table: pcx__cohort_variable_wide_lab. Populated for matching lab_hemoglobin evidence, otherwise NULL. Distinct evidence rows are retained; no first/latest/min/max policy is applied. Includes measured, calculated, molar and mass concentrations and special collection contexts. Local 923 Reticulocyte Hemoglobin remains included despite scope concern; separate before pooling as total blood hemoglobin.",string
lab_hemoglobin_ref,Lab hemoglobin ref,Observation reference,"Source: observation_ref; table: pcx__cohort_variable_wide_lab. Populated for matching lab_hemoglobin evidence, otherwise NULL. Distinct evidence rows are retained; no first/latest/min/max policy is applied. Includes measured, calculated, molar and mass concentrations and special collection contexts. Local 923 Reticulocyte Hemoglobin remains included despite scope concern; separate before pooling as total blood hemoglobin.",string
lab_platelets_date,Lab platelets date,Observation effective timestamp,"Source: lab_effectivedate; table: pcx__cohort_variable_wide_lab. Populated for matching lab_platelets evidence, otherwise NULL. Distinct evidence rows are retained; no first/latest/min/max policy is applied. Dashboard type string preserves timestamp precision; day is not asserted. Includes manual, optical, estimated and EDTA clumping-context counts. External Platelets 1230000011 and Platelet Na Cit 1230011880 were suggested but have not been added.",string
lab_platelets_interpretation,Lab platelets interpretation,Laboratory-supplied interpretation code,"Source: lab_interpretation_code; table: pcx__cohort_variable_wide_lab. Populated for matching lab_platelets evidence, otherwise NULL. Distinct evidence rows are retained; no first/latest/min/max policy is applied. Includes manual, optical, estimated and EDTA clumping-context counts. External Platelets 1230000011 and Platelet Na Cit 1230011880 were suggested but have not been added.",string
lab_platelets_value,Lab platelets value,Raw numeric laboratory quantity,"Source: lab_valuequantity_value; table: pcx__cohort_variable_wide_lab. Populated for matching lab_platelets evidence, otherwise NULL. Distinct evidence rows are retained; no first/latest/min/max policy is applied. Interpret with unit and comparator; no unit conversion is applied. Qualitative/narrative observations may have no numeric quantity. Includes manual, optical, estimated and EDTA clumping-context counts. External Platelets 1230000011 and Platelet Na Cit 1230011880 were suggested but have not been added.",float
lab_platelets_unit,Lab platelets unit,Source laboratory unit display,"Source: lab_valuequantity_unit; table: pcx__cohort_variable_wide_lab. Populated for matching lab_platelets evidence, otherwise NULL. Distinct evidence rows are retained; no first/latest/min/max policy is applied. Includes manual, optical, estimated and EDTA clumping-context counts. External Platelets 1230000011 and Platelet Na Cit 1230011880 were suggested but have not been added.",string
lab_platelets_ref,Lab platelets ref,Observation reference,"Source: observation_ref; table: pcx__cohort_variable_wide_lab. Populated for matching lab_platelets evidence, otherwise NULL. Distinct evidence rows are retained; no first/latest/min/max policy is applied. Includes manual, optical, estimated and EDTA clumping-context counts. External Platelets 1230000011 and Platelet Na Cit 1230011880 were suggested but have not been added.",string
lab_total_bilirubin_date,Lab total bilirubin date,Observation effective timestamp,"Source: lab_effectivedate; table: pcx__cohort_variable_wide_lab. Populated for matching lab_total_bilirubin evidence, otherwise NULL. Distinct evidence rows are retained; no first/latest/min/max policy is applied. Dashboard type string preserves timestamp precision; day is not asserted. Single LOINC; coverage not comprehensively audited. Do not substitute direct or indirect bilirubin.",string
lab_total_bilirubin_interpretation,Lab total bilirubin interpretation,Laboratory-supplied interpretation code,"Source: lab_interpretation_code; table: pcx__cohort_variable_wide_lab. Populated for matching lab_total_bilirubin evidence, otherwise NULL. Distinct evidence rows are retained; no first/latest/min/max policy is applied. Single LOINC; coverage not comprehensively audited. Do not substitute direct or indirect bilirubin.",string
lab_total_bilirubin_value,Lab total bilirubin value,Raw numeric laboratory quantity,"Source: lab_valuequantity_value; table: pcx__cohort_variable_wide_lab. Populated for matching lab_total_bilirubin evidence, otherwise NULL. Distinct evidence rows are retained; no first/latest/min/max policy is applied. Interpret with unit and comparator; no unit conversion is applied. Qualitative/narrative observations may have no numeric quantity. Single LOINC; coverage not comprehensively audited. Do not substitute direct or indirect bilirubin.",float
lab_total_bilirubin_unit,Lab total bilirubin unit,Source laboratory unit display,"Source: lab_valuequantity_unit; table: pcx__cohort_variable_wide_lab. Populated for matching lab_total_bilirubin evidence, otherwise NULL. Distinct evidence rows are retained; no first/latest/min/max policy is applied. Single LOINC; coverage not comprehensively audited. Do not substitute direct or indirect bilirubin.",string
lab_total_bilirubin_ref,Lab total bilirubin ref,Observation reference,"Source: observation_ref; table: pcx__cohort_variable_wide_lab. Populated for matching lab_total_bilirubin evidence, otherwise NULL. Distinct evidence rows are retained; no first/latest/min/max policy is applied. Single LOINC; coverage not comprehensively audited. Do not substitute direct or indirect bilirubin.",string
dx_atrt_onset,Dx atrt onset,Condition onset date,"Source: dx_onset_date; table: pcx__cohort_variable_wide_dx. Populated for matching dx_atrt evidence, otherwise NULL. Distinct evidence rows are retained; no first/latest/min/max policy is applied. Includes tiered codes; broad brain-cancer codes do not independently establish histologic subtype. Candidate-labeled entries require terminology review.",day
dx_atrt_category,Dx atrt category,Condition category code,"Source: dx_category_code; table: pcx__cohort_variable_wide_dx. Populated for matching dx_atrt evidence, otherwise NULL. Distinct evidence rows are retained; no first/latest/min/max policy is applied. Includes tiered codes; broad brain-cancer codes do not independently establish histologic subtype. Candidate-labeled entries require terminology review.",string
dx_atrt_status,Dx atrt status,Condition clinical status,"Source: dx_clinical_status; table: pcx__cohort_variable_wide_dx. Populated for matching dx_atrt evidence, otherwise NULL. Distinct evidence rows are retained; no first/latest/min/max policy is applied. Includes tiered codes; broad brain-cancer codes do not independently establish histologic subtype. Candidate-labeled entries require terminology review.",string
dx_atrt_ref,Dx atrt ref,Condition reference,"Source: condition_ref; table: pcx__cohort_variable_wide_dx. Populated for matching dx_atrt evidence, otherwise NULL. Distinct evidence rows are retained; no first/latest/min/max policy is applied. Includes tiered codes; broad brain-cancer codes do not independently establish histologic subtype. Candidate-labeled entries require terminology review.",string
dx_brain_cancer_onset,Dx brain cancer onset,Condition onset date,"Source: dx_onset_date; table: pcx__cohort_variable_wide_dx. Populated for matching dx_brain_cancer evidence, otherwise NULL. Distinct evidence rows are retained; no first/latest/min/max policy is applied. Includes tiered codes; broad brain-cancer codes do not independently establish histologic subtype. Candidate-labeled entries require terminology review.",day
dx_brain_cancer_category,Dx brain cancer category,Condition category code,"Source: dx_category_code; table: pcx__cohort_variable_wide_dx. Populated for matching dx_brain_cancer evidence, otherwise NULL. Distinct evidence rows are retained; no first/latest/min/max policy is applied. Includes tiered codes; broad brain-cancer codes do not independently establish histologic subtype. Candidate-labeled entries require terminology review.",string
dx_brain_cancer_status,Dx brain cancer status,Condition clinical status,"Source: dx_clinical_status; table: pcx__cohort_variable_wide_dx. Populated for matching dx_brain_cancer evidence, otherwise NULL. Distinct evidence rows are retained; no first/latest/min/max policy is applied. Includes tiered codes; broad brain-cancer codes do not independently establish histologic subtype. Candidate-labeled entries require terminology review.",string
dx_brain_cancer_ref,Dx brain cancer ref,Condition reference,"Source: condition_ref; table: pcx__cohort_variable_wide_dx. Populated for matching dx_brain_cancer evidence, otherwise NULL. Distinct evidence rows are retained; no first/latest/min/max policy is applied. Includes tiered codes; broad brain-cancer codes do not independently establish histologic subtype. Candidate-labeled entries require terminology review.",string
dx_medulloblastoma_onset,Dx medulloblastoma onset,Condition onset date,"Source: dx_onset_date; table: pcx__cohort_variable_wide_dx. Populated for matching dx_medulloblastoma evidence, otherwise NULL. Distinct evidence rows are retained; no first/latest/min/max policy is applied. Includes tiered codes; broad brain-cancer codes do not independently establish histologic subtype. Candidate-labeled entries require terminology review.",day
dx_medulloblastoma_category,Dx medulloblastoma category,Condition category code,"Source: dx_category_code; table: pcx__cohort_variable_wide_dx. Populated for matching dx_medulloblastoma evidence, otherwise NULL. Distinct evidence rows are retained; no first/latest/min/max policy is applied. Includes tiered codes; broad brain-cancer codes do not independently establish histologic subtype. Candidate-labeled entries require terminology review.",string
dx_medulloblastoma_status,Dx medulloblastoma status,Condition clinical status,"Source: dx_clinical_status; table: pcx__cohort_variable_wide_dx. Populated for matching dx_medulloblastoma evidence, otherwise NULL. Distinct evidence rows are retained; no first/latest/min/max policy is applied. Includes tiered codes; broad brain-cancer codes do not independently establish histologic subtype. Candidate-labeled entries require terminology review.",string
dx_medulloblastoma_ref,Dx medulloblastoma ref,Condition reference,"Source: condition_ref; table: pcx__cohort_variable_wide_dx. Populated for matching dx_medulloblastoma evidence, otherwise NULL. Distinct evidence rows are retained; no first/latest/min/max policy is applied. Includes tiered codes; broad brain-cancer codes do not independently establish histologic subtype. Candidate-labeled entries require terminology review.",string
rx_chemo_carboplatin_date,Rx agent carboplatin date,MedicationRequest authored date,"Source: rx_authoredon_date; table: pcx__cohort_variable_wide_rx. Populated for matching rx_chemo_carboplatin evidence, otherwise NULL. Distinct evidence rows are retained; no first/latest/min/max policy is applied. Order evidence does not prove administration or dose. Ingredient and product candidates as listed in source; completeness and current terminology status not audited. A prescription/order is not proof of administration, route, high-dose exposure or treatment completion.",day
rx_chemo_carboplatin_status,Rx agent carboplatin status,MedicationRequest status,"Source: rx_status; table: pcx__cohort_variable_wide_rx. Populated for matching rx_chemo_carboplatin evidence, otherwise NULL. Distinct evidence rows are retained; no first/latest/min/max policy is applied. Order evidence does not prove administration or dose. Ingredient and product candidates as listed in source; completeness and current terminology status not audited. A prescription/order is not proof of administration, route, high-dose exposure or treatment completion.",string
rx_chemo_carboplatin_category,Rx agent carboplatin category,MedicationRequest category code,"Source: rx_category_code; table: pcx__cohort_variable_wide_rx. Populated for matching rx_chemo_carboplatin evidence, otherwise NULL. Distinct evidence rows are retained; no first/latest/min/max policy is applied. Order evidence does not prove administration or dose. Ingredient and product candidates as listed in source; completeness and current terminology status not audited. A prescription/order is not proof of administration, route, high-dose exposure or treatment completion.",string
rx_chemo_carboplatin_ref,Rx agent carboplatin ref,MedicationRequest reference,"Source: medicationrequest_ref; table: pcx__cohort_variable_wide_rx. Populated for matching rx_chemo_carboplatin evidence, otherwise NULL. Distinct evidence rows are retained; no first/latest/min/max policy is applied. Order evidence does not prove administration or dose. Ingredient and product candidates as listed in source; completeness and current terminology status not audited. A prescription/order is not proof of administration, route, high-dose exposure or treatment completion.",string
rx_chemo_cisplatin_date,Rx agent cisplatin date,MedicationRequest authored date,"Source: rx_authoredon_date; table: pcx__cohort_variable_wide_rx. Populated for matching rx_chemo_cisplatin evidence, otherwise NULL. Distinct evidence rows are retained; no first/latest/min/max policy is applied. Order evidence does not prove administration or dose. Ingredient and product candidates as listed in source; completeness and current terminology status not audited. A prescription/order is not proof of administration, route, high-dose exposure or treatment completion.",day
rx_chemo_cisplatin_status,Rx agent cisplatin status,MedicationRequest status,"Source: rx_status; table: pcx__cohort_variable_wide_rx. Populated for matching rx_chemo_cisplatin evidence, otherwise NULL. Distinct evidence rows are retained; no first/latest/min/max policy is applied. Order evidence does not prove administration or dose. Ingredient and product candidates as listed in source; completeness and current terminology status not audited. A prescription/order is not proof of administration, route, high-dose exposure or treatment completion.",string
rx_chemo_cisplatin_category,Rx agent cisplatin category,MedicationRequest category code,"Source: rx_category_code; table: pcx__cohort_variable_wide_rx. Populated for matching rx_chemo_cisplatin evidence, otherwise NULL. Distinct evidence rows are retained; no first/latest/min/max policy is applied. Order evidence does not prove administration or dose. Ingredient and product candidates as listed in source; completeness and current terminology status not audited. A prescription/order is not proof of administration, route, high-dose exposure or treatment completion.",string
rx_chemo_cisplatin_ref,Rx agent cisplatin ref,MedicationRequest reference,"Source: medicationrequest_ref; table: pcx__cohort_variable_wide_rx. Populated for matching rx_chemo_cisplatin evidence, otherwise NULL. Distinct evidence rows are retained; no first/latest/min/max policy is applied. Order evidence does not prove administration or dose. Ingredient and product candidates as listed in source; completeness and current terminology status not audited. A prescription/order is not proof of administration, route, high-dose exposure or treatment completion.",string
rx_chemo_cyclophosphamide_date,Rx agent cyclophosphamide date,MedicationRequest authored date,"Source: rx_authoredon_date; table: pcx__cohort_variable_wide_rx. Populated for matching rx_chemo_cyclophosphamide evidence, otherwise NULL. Distinct evidence rows are retained; no first/latest/min/max policy is applied. Order evidence does not prove administration or dose. Ingredient and product candidates as listed in source; completeness and current terminology status not audited. A prescription/order is not proof of administration, route, high-dose exposure or treatment completion.",day
rx_chemo_cyclophosphamide_status,Rx agent cyclophosphamide status,MedicationRequest status,"Source: rx_status; table: pcx__cohort_variable_wide_rx. Populated for matching rx_chemo_cyclophosphamide evidence, otherwise NULL. Distinct evidence rows are retained; no first/latest/min/max policy is applied. Order evidence does not prove administration or dose. Ingredient and product candidates as listed in source; completeness and current terminology status not audited. A prescription/order is not proof of administration, route, high-dose exposure or treatment completion.",string
rx_chemo_cyclophosphamide_category,Rx agent cyclophosphamide category,MedicationRequest category code,"Source: rx_category_code; table: pcx__cohort_variable_wide_rx. Populated for matching rx_chemo_cyclophosphamide evidence, otherwise NULL. Distinct evidence rows are retained; no first/latest/min/max policy is applied. Order evidence does not prove administration or dose. Ingredient and product candidates as listed in source; completeness and current terminology status not audited. A prescription/order is not proof of administration, route, high-dose exposure or treatment completion.",string
rx_chemo_cyclophosphamide_ref,Rx agent cyclophosphamide ref,MedicationRequest reference,"Source: medicationrequest_ref; table: pcx__cohort_variable_wide_rx. Populated for matching rx_chemo_cyclophosphamide evidence, otherwise NULL. Distinct evidence rows are retained; no first/latest/min/max policy is applied. Order evidence does not prove administration or dose. Ingredient and product candidates as listed in source; completeness and current terminology status not audited. A prescription/order is not proof of administration, route, high-dose exposure or treatment completion.",string
rx_chemo_etoposide_date,Rx agent etoposide date,MedicationRequest authored date,"Source: rx_authoredon_date; table: pcx__cohort_variable_wide_rx. Populated for matching rx_chemo_etoposide evidence, otherwise NULL. Distinct evidence rows are retained; no first/latest/min/max policy is applied. Order evidence does not prove administration or dose. Ingredient and product candidates as listed in source; completeness and current terminology status not audited. A prescription/order is not proof of administration, route, high-dose exposure or treatment completion.",day
rx_chemo_etoposide_status,Rx agent etoposide status,MedicationRequest status,"Source: rx_status; table: pcx__cohort_variable_wide_rx. Populated for matching rx_chemo_etoposide evidence, otherwise NULL. Distinct evidence rows are retained; no first/latest/min/max policy is applied. Order evidence does not prove administration or dose. Ingredient and product candidates as listed in source; completeness and current terminology status not audited. A prescription/order is not proof of administration, route, high-dose exposure or treatment completion.",string
rx_chemo_etoposide_category,Rx agent etoposide category,MedicationRequest category code,"Source: rx_category_code; table: pcx__cohort_variable_wide_rx. Populated for matching rx_chemo_etoposide evidence, otherwise NULL. Distinct evidence rows are retained; no first/latest/min/max policy is applied. Order evidence does not prove administration or dose. Ingredient and product candidates as listed in source; completeness and current terminology status not audited. A prescription/order is not proof of administration, route, high-dose exposure or treatment completion.",string
rx_chemo_etoposide_ref,Rx agent etoposide ref,MedicationRequest reference,"Source: medicationrequest_ref; table: pcx__cohort_variable_wide_rx. Populated for matching rx_chemo_etoposide evidence, otherwise NULL. Distinct evidence rows are retained; no first/latest/min/max policy is applied. Order evidence does not prove administration or dose. Ingredient and product candidates as listed in source; completeness and current terminology status not audited. A prescription/order is not proof of administration, route, high-dose exposure or treatment completion.",string
rx_contrast_methotrexate_date,Rx agent methotrexate date,MedicationRequest authored date,"Source: rx_authoredon_date; table: pcx__cohort_variable_wide_rx. Populated for matching rx_contrast_methotrexate evidence, otherwise NULL. Distinct evidence rows are retained; no first/latest/min/max policy is applied. Order evidence does not prove administration or dose. Ingredient and product candidates as listed in source; completeness and current terminology status not audited. A prescription/order is not proof of administration, route, high-dose exposure or treatment completion.",day
rx_contrast_methotrexate_status,Rx agent methotrexate status,MedicationRequest status,"Source: rx_status; table: pcx__cohort_variable_wide_rx. Populated for matching rx_contrast_methotrexate evidence, otherwise NULL. Distinct evidence rows are retained; no first/latest/min/max policy is applied. Order evidence does not prove administration or dose. Ingredient and product candidates as listed in source; completeness and current terminology status not audited. A prescription/order is not proof of administration, route, high-dose exposure or treatment completion.",string
rx_contrast_methotrexate_category,Rx agent methotrexate category,MedicationRequest category code,"Source: rx_category_code; table: pcx__cohort_variable_wide_rx. Populated for matching rx_contrast_methotrexate evidence, otherwise NULL. Distinct evidence rows are retained; no first/latest/min/max policy is applied. Order evidence does not prove administration or dose. Ingredient and product candidates as listed in source; completeness and current terminology status not audited. A prescription/order is not proof of administration, route, high-dose exposure or treatment completion.",string
rx_contrast_methotrexate_ref,Rx agent methotrexate ref,MedicationRequest reference,"Source: medicationrequest_ref; table: pcx__cohort_variable_wide_rx. Populated for matching rx_contrast_methotrexate evidence, otherwise NULL. Distinct evidence rows are retained; no first/latest/min/max policy is applied. Order evidence does not prove administration or dose. Ingredient and product candidates as listed in source; completeness and current terminology status not audited. A prescription/order is not proof of administration, route, high-dose exposure or treatment completion.",string
rx_chemo_thiotepa_date,Rx agent thiotepa date,MedicationRequest authored date,"Source: rx_authoredon_date; table: pcx__cohort_variable_wide_rx. Populated for matching rx_chemo_thiotepa evidence, otherwise NULL. Distinct evidence rows are retained; no first/latest/min/max policy is applied. Order evidence does not prove administration or dose. Ingredient and product candidates as listed in source; completeness and current terminology status not audited. A prescription/order is not proof of administration, route, high-dose exposure or treatment completion.",day
rx_chemo_thiotepa_status,Rx agent thiotepa status,MedicationRequest status,"Source: rx_status; table: pcx__cohort_variable_wide_rx. Populated for matching rx_chemo_thiotepa evidence, otherwise NULL. Distinct evidence rows are retained; no first/latest/min/max policy is applied. Order evidence does not prove administration or dose. Ingredient and product candidates as listed in source; completeness and current terminology status not audited. A prescription/order is not proof of administration, route, high-dose exposure or treatment completion.",string
rx_chemo_thiotepa_category,Rx agent thiotepa category,MedicationRequest category code,"Source: rx_category_code; table: pcx__cohort_variable_wide_rx. Populated for matching rx_chemo_thiotepa evidence, otherwise NULL. Distinct evidence rows are retained; no first/latest/min/max policy is applied. Order evidence does not prove administration or dose. Ingredient and product candidates as listed in source; completeness and current terminology status not audited. A prescription/order is not proof of administration, route, high-dose exposure or treatment completion.",string
rx_chemo_thiotepa_ref,Rx agent thiotepa ref,MedicationRequest reference,"Source: medicationrequest_ref; table: pcx__cohort_variable_wide_rx. Populated for matching rx_chemo_thiotepa evidence, otherwise NULL. Distinct evidence rows are retained; no first/latest/min/max policy is applied. Order evidence does not prove administration or dose. Ingredient and product candidates as listed in source; completeness and current terminology status not audited. A prescription/order is not proof of administration, route, high-dose exposure or treatment completion.",string
rx_chemo_vincristine_date,Rx agent vincristine date,MedicationRequest authored date,"Source: rx_authoredon_date; table: pcx__cohort_variable_wide_rx. Populated for matching rx_chemo_vincristine evidence, otherwise NULL. Distinct evidence rows are retained; no first/latest/min/max policy is applied. Order evidence does not prove administration or dose. Ingredient and product candidates as listed in source; completeness and current terminology status not audited. A prescription/order is not proof of administration, route, high-dose exposure or treatment completion.",day
rx_chemo_vincristine_status,Rx agent vincristine status,MedicationRequest status,"Source: rx_status; table: pcx__cohort_variable_wide_rx. Populated for matching rx_chemo_vincristine evidence, otherwise NULL. Distinct evidence rows are retained; no first/latest/min/max policy is applied. Order evidence does not prove administration or dose. Ingredient and product candidates as listed in source; completeness and current terminology status not audited. A prescription/order is not proof of administration, route, high-dose exposure or treatment completion.",string
rx_chemo_vincristine_category,Rx agent vincristine category,MedicationRequest category code,"Source: rx_category_code; table: pcx__cohort_variable_wide_rx. Populated for matching rx_chemo_vincristine evidence, otherwise NULL. Distinct evidence rows are retained; no first/latest/min/max policy is applied. Order evidence does not prove administration or dose. Ingredient and product candidates as listed in source; completeness and current terminology status not audited. A prescription/order is not proof of administration, route, high-dose exposure or treatment completion.",string
rx_chemo_vincristine_ref,Rx agent vincristine ref,MedicationRequest reference,"Source: medicationrequest_ref; table: pcx__cohort_variable_wide_rx. Populated for matching rx_chemo_vincristine evidence, otherwise NULL. Distinct evidence rows are retained; no first/latest/min/max policy is applied. Order evidence does not prove administration or dose. Ingredient and product candidates as listed in source; completeness and current terminology status not audited. A prescription/order is not proof of administration, route, high-dose exposure or treatment completion.",string
lab_observation_code,Lab observation code,Laboratory test code.,From the laboratory base/linkage SQL. Preserve original result and specimen context; absence does not mean normal.,string
lab_observation_system,Lab observation system,Laboratory test coding system.,From the laboratory base/linkage SQL. Preserve original result and specimen context; absence does not mean normal.,string
lab_observation_display,Lab observation display,LOINC consumer-name display when available; local codes may have no hydrated display.,From the laboratory base/linkage SQL. Preserve original result and specimen context; absence does not mean normal.,string
lab_concept_code,Lab concept code,Coded laboratory result value.,From the laboratory base/linkage SQL. Preserve original result and specimen context; absence does not mean normal.,string
lab_concept_display,Lab concept display,Coded laboratory result display.,From the laboratory base/linkage SQL. Preserve original result and specimen context; absence does not mean normal.,string
lab_concept_system,Lab concept system,Coded laboratory result system.,From the laboratory base/linkage SQL. Preserve original result and specimen context; absence does not mean normal.,string
lab_effectivedate,Lab effectivedate,Observation effective timestamp.,From the laboratory base/linkage SQL. Preserve original result and specimen context; absence does not mean normal.,string
lab_effectivedate_day,Lab effectivedate day,Observation effective date at day precision.,From the laboratory base/linkage SQL. Preserve original result and specimen context; absence does not mean normal.,day
lab_interpretation_code,Lab interpretation code,Laboratory-supplied interpretation code.,From the laboratory base/linkage SQL. Preserve original result and specimen context; absence does not mean normal.,string
lab_interpretation_system,Lab interpretation system,Laboratory interpretation coding system.,From the laboratory base/linkage SQL. Preserve original result and specimen context; absence does not mean normal.,string
lab_interpretation_display,Lab interpretation display,Laboratory interpretation display.,From the laboratory base/linkage SQL. Preserve original result and specimen context; absence does not mean normal.,string
lab_valuequantity_value,Lab valuequantity value,Raw numeric laboratory result.,From the laboratory base/linkage SQL. Preserve original result and specimen context; absence does not mean normal.,float
lab_valuequantity_comparator,Lab valuequantity comparator,"Numeric comparator, such as less than or greater than.",From the laboratory base/linkage SQL. Preserve original result and specimen context; absence does not mean normal.,string
lab_valuequantity_unit,Lab valuequantity unit,Source unit display.,From the laboratory base/linkage SQL. Preserve original result and specimen context; absence does not mean normal.,string
lab_valuequantity_system,Lab valuequantity system,Source unit coding system.,From the laboratory base/linkage SQL. Preserve original result and specimen context; absence does not mean normal.,string
lab_valuequantity_code,Lab valuequantity code,Source unit code.,From the laboratory base/linkage SQL. Preserve original result and specimen context; absence does not mean normal.,string
lab_valuestring,Lab valuestring,Text laboratory result.,From the laboratory base/linkage SQL. Preserve original result and specimen context; absence does not mean normal.,string
lab_dataabsentreason,Lab dataabsentreason,Source reason for an absent result.,From the laboratory base/linkage SQL. Preserve original result and specimen context; absence does not mean normal.,string
lab_status,Lab status,Observation status.,From the laboratory base/linkage SQL. Preserve original result and specimen context; absence does not mean normal.,string
specimen_ref,Specimen ref,Specimen reference.,From the laboratory base/linkage SQL. Preserve original result and specimen context; absence does not mean normal.,string
observation_ref,Observation ref,Observation reference.,From the laboratory base/linkage SQL. Preserve original result and specimen context; absence does not mean normal.,string
obs_has_encounter,Obs has encounter,Indicator that the observation has a retained study-population encounter.,From the laboratory base/linkage SQL. Preserve original result and specimen context; absence does not mean normal.,integer
condition_ref,Condition ref,Condition reference.,,string
medicationrequest_ref,Medicationrequest ref,MedicationRequest reference.,,string
dx_methotrexate_toxic,Methotrexate toxicity — recorded evidence,Presence of matching coded evidence for Methotrexate toxicity.,"TRUE when matching evidence exists for the encounter; otherwise NULL in this table. This is not a numeric lab result, confirmed diagnosis, or proof of treatment delivery. Tiered ICD-9/ICD-10 drug-harm codes (see spreadsheet/dx_methotrexate_toxic.md). None identifies methotrexate specifically or establishes causality. Candidate-labeled entries require terminology review.",boolean
dx_methotrexate_toxic_onset,Dx methotrexate toxic onset,Condition onset date,"Source: dx_onset_date; table: pcx__cohort_variable_wide_dx. Populated for matching dx_methotrexate_toxic evidence, otherwise NULL. Distinct evidence rows are retained; no first/latest/min/max policy is applied. Tiered ICD-9/ICD-10 drug-harm codes (see spreadsheet/dx_methotrexate_toxic.md). None identifies methotrexate specifically or establishes causality. Candidate-labeled entries require terminology review.",day
dx_methotrexate_toxic_category,Dx methotrexate toxic category,Condition category code,"Source: dx_category_code; table: pcx__cohort_variable_wide_dx. Populated for matching dx_methotrexate_toxic evidence, otherwise NULL. Distinct evidence rows are retained; no first/latest/min/max policy is applied. Tiered ICD-9/ICD-10 drug-harm codes (see spreadsheet/dx_methotrexate_toxic.md). None identifies methotrexate specifically or establishes causality. Candidate-labeled entries require terminology review.",string
dx_methotrexate_toxic_status,Dx methotrexate toxic status,Condition clinical status,"Source: dx_clinical_status; table: pcx__cohort_variable_wide_dx. Populated for matching dx_methotrexate_toxic evidence, otherwise NULL. Distinct evidence rows are retained; no first/latest/min/max policy is applied. Tiered ICD-9/ICD-10 drug-harm codes (see spreadsheet/dx_methotrexate_toxic.md). None identifies methotrexate specifically or establishes causality. Candidate-labeled entries require terminology review.",string
dx_methotrexate_toxic_ref,Dx methotrexate toxic ref,Condition reference,"Source: condition_ref; table: pcx__cohort_variable_wide_dx. Populated for matching dx_methotrexate_toxic evidence, otherwise NULL. Distinct evidence rows are retained; no first/latest/min/max policy is applied. Tiered ICD-9/ICD-10 drug-harm codes (see spreadsheet/dx_methotrexate_toxic.md). None identifies methotrexate specifically or establishes causality. Candidate-labeled entries require terminology review.",string
dx_radiation,Radiation — recorded evidence,Presence of matching coded evidence for Radiation.,"TRUE when matching evidence exists for the encounter; otherwise NULL in this table. This is not a numeric lab result, confirmed diagnosis, or proof of treatment delivery. Tier 1 = radiotherapy encounter code (Z51.0, V58.0, SNOMED 108290001), tier 2 = personal history of irradiation (Z92.3, V15.3). A history code dates the record, not the delivery. Candidate-labeled entries require terminology review.",boolean
dx_radiation_onset,Dx radiation onset,Condition onset date,"Source: dx_onset_date; table: pcx__cohort_variable_wide_dx. Populated for matching dx_radiation evidence, otherwise NULL. Distinct evidence rows are retained; no first/latest/min/max policy is applied. Tier 1 = radiotherapy encounter code (Z51.0, V58.0, SNOMED 108290001), tier 2 = personal history of irradiation (Z92.3, V15.3). A history code dates the record, not the delivery. Candidate-labeled entries require terminology review.",day
dx_radiation_category,Dx radiation category,Condition category code,"Source: dx_category_code; table: pcx__cohort_variable_wide_dx. Populated for matching dx_radiation evidence, otherwise NULL. Distinct evidence rows are retained; no first/latest/min/max policy is applied. Tier 1 = radiotherapy encounter code (Z51.0, V58.0, SNOMED 108290001), tier 2 = personal history of irradiation (Z92.3, V15.3). A history code dates the record, not the delivery. Candidate-labeled entries require terminology review.",string
dx_radiation_status,Dx radiation status,Condition clinical status,"Source: dx_clinical_status; table: pcx__cohort_variable_wide_dx. Populated for matching dx_radiation evidence, otherwise NULL. Distinct evidence rows are retained; no first/latest/min/max policy is applied. Tier 1 = radiotherapy encounter code (Z51.0, V58.0, SNOMED 108290001), tier 2 = personal history of irradiation (Z92.3, V15.3). A history code dates the record, not the delivery. Candidate-labeled entries require terminology review.",string
dx_radiation_ref,Dx radiation ref,Condition reference,"Source: condition_ref; table: pcx__cohort_variable_wide_dx. Populated for matching dx_radiation evidence, otherwise NULL. Distinct evidence rows are retained; no first/latest/min/max policy is applied. Tier 1 = radiotherapy encounter code (Z51.0, V58.0, SNOMED 108290001), tier 2 = personal history of irradiation (Z92.3, V15.3). A history code dates the record, not the delivery. Candidate-labeled entries require terminology review.",string
proc_craniotomy,Craniotomy — recorded evidence,Presence of matching coded procedure evidence for Craniotomy.,"TRUE when matching evidence exists for the encounter; otherwise NULL in this table. This is not a numeric lab result, confirmed diagnosis, or proof of treatment delivery. Tier 1 = tumor resection codes (CPT 61510, 61518-61521, SNOMED 363680008), tier 2 = biopsy, cyst or other cranial procedures, tier 3 = exploratory craniotomy. Tier 1 feeds the definitive-surgery fallback in pcx__eligible_surgery. Candidate-labeled entries require terminology review.",boolean
proc_craniotomy_date,Proc craniotomy date,"Procedure performed date (performedDateTime, else performedPeriod start)","Source: proc_performed_day; table: pcx__cohort_variable_wide_proc. Populated for matching proc_craniotomy evidence, otherwise NULL. Distinct evidence rows are retained; no first/latest/min/max policy is applied. Tier 1 = tumor resection codes (CPT 61510, 61518-61521, SNOMED 363680008), tier 2 = biopsy, cyst or other cranial procedures, tier 3 = exploratory craniotomy. Tier 1 feeds the definitive-surgery fallback in pcx__eligible_surgery. Candidate-labeled entries require terminology review.",day
proc_craniotomy_code,Proc craniotomy code,Procedure category code,"Source: proc_category_code; table: pcx__cohort_variable_wide_proc. Populated for matching proc_craniotomy evidence, otherwise NULL. Distinct evidence rows are retained; no first/latest/min/max policy is applied. Tier 1 = tumor resection codes (CPT 61510, 61518-61521, SNOMED 363680008), tier 2 = biopsy, cyst or other cranial procedures, tier 3 = exploratory craniotomy. Tier 1 feeds the definitive-surgery fallback in pcx__eligible_surgery. Candidate-labeled entries require terminology review.",string
proc_craniotomy_ref,Proc craniotomy ref,Procedure reference,"Source: procedure_ref; table: pcx__cohort_variable_wide_proc. Populated for matching proc_craniotomy evidence, otherwise NULL. Distinct evidence rows are retained; no first/latest/min/max policy is applied. Tier 1 = tumor resection codes (CPT 61510, 61518-61521, SNOMED 363680008), tier 2 = biopsy, cyst or other cranial procedures, tier 3 = exploratory craniotomy. Tier 1 feeds the definitive-surgery fallback in pcx__eligible_surgery. Candidate-labeled entries require terminology review.",string
proc_radiation,Radiation delivery — recorded evidence,Presence of matching coded procedure evidence for Radiation delivery.,"TRUE when matching evidence exists for the encounter; otherwise NULL in this table. This is not a numeric lab result, confirmed diagnosis, or proof of treatment delivery. Tier 1 = radiation delivery or management codes (CPT 774xx, 775xx proton, SNOMED CSI), tier 2 = treatment planning only. Tier 1 feeds pcx__eligible_radiation. Candidate-labeled entries require terminology review.",boolean
proc_radiation_date,Proc radiation date,"Procedure performed date (performedDateTime, else performedPeriod start)","Source: proc_performed_day; table: pcx__cohort_variable_wide_proc. Populated for matching proc_radiation evidence, otherwise NULL. Distinct evidence rows are retained; no first/latest/min/max policy is applied. Tier 1 = radiation delivery or management codes (CPT 774xx, 775xx proton, SNOMED CSI), tier 2 = treatment planning only. Tier 1 feeds pcx__eligible_radiation. Candidate-labeled entries require terminology review.",day
proc_radiation_code,Proc radiation code,Procedure category code,"Source: proc_category_code; table: pcx__cohort_variable_wide_proc. Populated for matching proc_radiation evidence, otherwise NULL. Distinct evidence rows are retained; no first/latest/min/max policy is applied. Tier 1 = radiation delivery or management codes (CPT 774xx, 775xx proton, SNOMED CSI), tier 2 = treatment planning only. Tier 1 feeds pcx__eligible_radiation. Candidate-labeled entries require terminology review.",string
proc_radiation_ref,Proc radiation ref,Procedure reference,"Source: procedure_ref; table: pcx__cohort_variable_wide_proc. Populated for matching proc_radiation evidence, otherwise NULL. Distinct evidence rows are retained; no first/latest/min/max policy is applied. Tier 1 = radiation delivery or management codes (CPT 774xx, 775xx proton, SNOMED CSI), tier 2 = treatment planning only. Tier 1 feeds pcx__eligible_radiation. Candidate-labeled entries require terminology review.",string
birthdate,Birthdate,Patient birth date from core__patient.,Used for month-level age at time zero and at definitive surgery. Confirm the site ETL has not truncated birthDate to year.,day
t0_day,T0 day,Time zero: first encounter with a tier 1 medulloblastoma casedef code.,"Time zero is the first study-population encounter carrying a tier 1 medulloblastoma casedef code (pcx__eligible_dx). Tier 2 and 3 codes are evidence only. NULL when the subject has only tier 2/3 evidence. Tables: pcx__eligible_*, pcx__outcome_*.",day
t0_source,T0 source,Rule that produced t0_day.,"Currently always casedef_tier1_medulloblastoma. Retained so alternative anchors (definitive surgery, treatment initiation) can be compared later.",string
age_months_at_t0,Age months at T0,Completed months from birthdate to t0_day.,"DATE_DIFF month. NULL when t0_day is NULL. The ACNS0334 criterion is age at definitive surgery, not at diagnosis; see age_months_at_definitive_surgery.",integer
age_under_36_months_at_t0,Age under 36 months at T0,TRUE when age_months_at_t0 is below 36.,Diagnosis-anchored convenience flag. Not the trial criterion.,boolean
age_band_at_t0,Age band at T0,under_36_months or 36_months_or_older at t0_day.,Stratifier for the all-ages discovery cohort (README section 1). NULL when t0_day is NULL.,string
age_under_8_months_at_t0,Age under 8 months at T0,TRUE when age_months_at_t0 is below 8.,"One of the four ACNS0334 high-risk qualifiers (diagnosis under 8 months). Adjudicate the stratum downstream with metastasis, histology and residual disease.",boolean
medulloblastoma_tier1_bool,Medulloblastoma tier 1,TRUE when any tier 1 medulloblastoma casedef code exists for the subject.,Structured diagnosis evidence. Compare with llm_medulloblastoma_bool.,boolean
atrt_tier1_bool,ATRT tier 1,"TRUE when any tier 1 ATRT casedef code (9508/3, SNOMED 715659006) exists for the subject.",Tier 3 ATRT rows (unspecified brain neoplasm) are ignored here on purpose.,boolean
atrt_first_day,ATRT first day,First encounter with a tier 1 ATRT casedef code.,,day
atrt_confirmed_bool,ATRT confirmed,TRUE when structured tier 1 or LLM diagnosis evidence names ATRT.,"ACNS0334 exclusion. FALSE when neither source names ATRT, which is absence of evidence, not a pathology result. Table: pcx__eligible.",boolean
llm_medulloblastoma_bool,LLM medulloblastoma,TRUE when any diagnosis-task note gives disease_subtype MEDULLOBLASTOMA.,Source: pcx__llm_diagnosis_wide. NULL when the subject has no diagnosis-task output.,boolean
llm_atrt_bool,LLM ATRT,TRUE when any diagnosis-task note gives disease_subtype ATRT.,Source: pcx__llm_diagnosis_wide. NULL when the subject has no diagnosis-task output.,boolean
llm_diagnosis_day_min,LLM diagnosis day min,Earliest diagnosis_date across diagnosis-task notes.,Hard cast to DATE. Precision is not carried here; month or year placeholders are first-of-period dates.,day
llm_diagnosis_gold_day_min,LLM diagnosis gold day min,Earliest confirmatory tissue-diagnosis date across diagnosis-task notes.,Usually the resection or biopsy date. Candidate proxy for definitive surgery when no surgery evidence exists.,day
llm_age_months_at_diagnosis_gold,LLM age months at diagnosis gold,Completed months from birthdate to llm_diagnosis_gold_day_min.,Provisional age gate before running the surgery task.,integer
llm_age_at_diagnosis_months_min,LLM age at diagnosis months min,Smallest explicitly stated age at diagnosis in months across notes.,"Extracted text, not computed from dates.",integer
llm_metastatic_bool,LLM metastatic,TRUE when any diagnosis-task note states Chang M1 to M4.,Directly stated M-stage only. Derived staging from metastasis-task inputs is a downstream step.,boolean
llm_anaplastic_bool,LLM anaplastic,TRUE when any diagnosis-task note gives large-cell/anaplastic histology.,ACNS0334 high-risk qualifier.,boolean
definitive_surgery_day,Definitive surgery day,Date of the definitive tumor resection.,"Precedence: LLM surgery_role containing definitive, then first structured tier 1 craniotomy. See definitive_surgery_source. Table: pcx__eligible_surgery.",day
definitive_surgery_source,Definitive surgery source,Which rule produced definitive_surgery_day.,llm_surgery_role_definitive or proc_craniotomy_tier1_first. NULL when neither source has a date.,string
proc_craniotomy_tier1_first_day,Proc craniotomy tier 1 first day,First tier 1 craniotomy procedure date.,Structured fallback for definitive surgery.,day
proc_craniotomy_tier1_cnt,Proc craniotomy tier 1 cnt,Number of distinct tier 1 craniotomy procedures.,More than one suggests second-look or recurrence surgery is present.,integer
llm_surgery_first_day,LLM surgery first day,"Earliest surgery_date across surgery-task notes, any role.",,day
llm_definitive_surgery_day,LLM definitive surgery day,Earliest surgery_date where surgery_role contains definitive.,"surgery_role is free text in the current model, so this is a substring rule.",day
llm_age_at_definitive_surgery_months,LLM age at definitive surgery months,Explicitly stated age in months at the definitive operation.,"Extracted text, compare with age_months_at_definitive_surgery.",float
llm_residual_tumor_area_cm2_min,LLM residual tumor area min,Smallest explicit postoperative residual area in cm2.,Never inferred from GTR/NTR/STR labels.,float
llm_residual_tumor_area_cm2_max,LLM residual tumor area max,Largest explicit postoperative residual area in cm2.,"ACNS0334 high-risk threshold is 1.5 cm2; apply it downstream, not here.",float
llm_residual_disease_bool,LLM residual disease,TRUE when any surgery-task note gives extent PARTIAL_RESECTION or BIOPSY.,"Label-based residual disease, distinct from a measured area.",boolean
age_months_at_definitive_surgery,Age months at definitive surgery,Completed months from birthdate to definitive_surgery_day.,The ACNS0334 age criterion is evaluated on this column.,integer
age_under_36_months_at_definitive_surgery,Age under 36 months at definitive surgery,TRUE when age_months_at_definitive_surgery is below 36.,ACNS0334 inclusion criterion. NULL when no definitive surgery date exists.,boolean
methotrexate_first_day,Methotrexate first day,Earliest methotrexate date from any source.,Candidate union of MedicationRequest orders (rx_order) and LLM systemic-therapy agents with delivery_status ADMINISTERED (llm_administered). An order is not receipt. Table: pcx__eligible_rx.,day
methotrexate_order_first_day,Methotrexate order first day,Earliest rx_contrast_methotrexate MedicationRequest authoredOn date.,Candidate union of MedicationRequest orders (rx_order) and LLM systemic-therapy agents with delivery_status ADMINISTERED (llm_administered). An order is not receipt. Table: pcx__eligible_rx.,day
methotrexate_administered_first_day,Methotrexate administered first day,Earliest LLM-documented methotrexate administration start date.,Candidate union of MedicationRequest orders (rx_order) and LLM systemic-therapy agents with delivery_status ADMINISTERED (llm_administered). An order is not receipt. Table: pcx__eligible_rx.,day
methotrexate_any_bool,Methotrexate any,TRUE when any methotrexate order or administration exists.,"Any dose, any route, any time (README section 2). Timing relative to the first event is in pcx__outcome_exposure.",boolean
methotrexate_administered_bool,Methotrexate administered,TRUE when an LLM agent mention documents methotrexate as ADMINISTERED.,Candidate union of MedicationRequest orders (rx_order) and LLM systemic-therapy agents with delivery_status ADMINISTERED (llm_administered). An order is not receipt. Table: pcx__eligible_rx.,boolean
chemo_first_day,Chemo first day,Earliest backbone chemotherapy date from any source.,Backbone agents are the six rx_chemo_* valuesets plus methotrexate. Candidate union of MedicationRequest orders (rx_order) and LLM systemic-therapy agents with delivery_status ADMINISTERED (llm_administered). An order is not receipt. Table: pcx__eligible_rx.,day
chemo_order_first_day,Chemo order first day,Earliest rx_chemo_* MedicationRequest authoredOn date.,Candidate union of MedicationRequest orders (rx_order) and LLM systemic-therapy agents with delivery_status ADMINISTERED (llm_administered). An order is not receipt. Table: pcx__eligible_rx.,day
chemo_administered_first_day,Chemo administered first day,Earliest LLM-documented administered agent start date.,Candidate union of MedicationRequest orders (rx_order) and LLM systemic-therapy agents with delivery_status ADMINISTERED (llm_administered). An order is not receipt. Table: pcx__eligible_rx.,day
chemo_any_bool,Chemo any,TRUE when any backbone chemotherapy order or administration exists.,Candidate union of MedicationRequest orders (rx_order) and LLM systemic-therapy agents with delivery_status ADMINISTERED (llm_administered). An order is not receipt. Table: pcx__eligible_rx.,boolean
chemo_prior_to_t0_bool,Chemo prior to T0,TRUE when chemo_first_day is before t0_day.,Feeds no_prior_chemotherapy_bool.,boolean
no_prior_chemotherapy_bool,No prior chemotherapy,ACNS0334 criterion: no chemotherapy before initial treatment.,"FALSE when chemo_prior_to_t0_bool, TRUE when chemo exists only at or after t0_day, NULL when no chemotherapy evidence at all. Steroids are not chemotherapy. Table: pcx__eligible.",boolean
radiation_first_day,Radiation first day,Earliest radiation date from any source.,"Candidate union of tier 1 proc_radiation procedures, tier 1 dx_radiation encounter codes, and LLM radiation rounds with delivery_status ADMINISTERED. Table: pcx__eligible_radiation.",day
radiation_proc_first_day,Radiation proc first day,Earliest tier 1 radiation procedure date.,"Candidate union of tier 1 proc_radiation procedures, tier 1 dx_radiation encounter codes, and LLM radiation rounds with delivery_status ADMINISTERED. Table: pcx__eligible_radiation.",day
radiation_dx_first_day,Radiation dx first day,Earliest tier 1 radiotherapy encounter code recorded date.,"Candidate union of tier 1 proc_radiation procedures, tier 1 dx_radiation encounter codes, and LLM radiation rounds with delivery_status ADMINISTERED. Table: pcx__eligible_radiation.",day
radiation_administered_first_day,Radiation administered first day,Earliest LLM-documented delivered radiation start date.,"Candidate union of tier 1 proc_radiation procedures, tier 1 dx_radiation encounter codes, and LLM radiation rounds with delivery_status ADMINISTERED. Table: pcx__eligible_radiation.",day
radiation_any_bool,Radiation any,"TRUE when any radiation evidence exists, NULL when none.","Any dose, any field, any time (README section 2). Timing relative to the first event is in pcx__outcome_exposure.",boolean
radiation_administered_bool,Radiation administered,TRUE when an LLM radiation round is ADMINISTERED.,"Candidate union of tier 1 proc_radiation procedures, tier 1 dx_radiation encounter codes, and LLM radiation rounds with delivery_status ADMINISTERED. Table: pcx__eligible_radiation.",boolean
llm_craniospinal_bool,LLM craniospinal,TRUE when any LLM radiation round has a craniospinal field.,CRANIOSPINAL or CRANIOSPINAL_WITH_FOCAL_BOOST.,boolean
llm_proton_bool,LLM proton,TRUE when any LLM radiation round uses protons.,,boolean
llm_explicitly_not_received_bool,LLM explicitly not received,TRUE when a note explicitly documents that radiation was not received.,Explicit negative through the assessed date. Silence is NULL.,boolean
radiation_prior_to_t0_bool,Radiation prior to T0,TRUE when radiation_first_day is before t0_day.,Feeds no_prior_radiation_bool.,boolean
no_prior_radiation_bool,No prior radiation,ACNS0334 criterion: no radiation before initial treatment.,"FALSE when radiation_prior_to_t0_bool, TRUE when radiation exists only at or after t0_day or is explicitly not received, NULL when no radiation evidence at all. Table: pcx__eligible.",boolean
deceased_bool,Deceased,TRUE when any source records death.,"Table: pcx__outcome_vital_status. Sources: raw FHIR patient deceasedBoolean/deceasedDateTime, latest study-population encounter end, LLM patient task. A deceased flag without a date leaves death_day NULL.",boolean
death_day,Death day,Earliest recorded death date across sources.,"Table: pcx__outcome_vital_status. Sources: raw FHIR patient deceasedBoolean/deceasedDateTime, latest study-population encounter end, LLM patient task. Actual death date, never a note date.",day
last_known_alive_day,Last known alive day,Latest date the patient is documented alive.,"Table: pcx__outcome_vital_status. Sources: raw FHIR patient deceasedBoolean/deceasedDateTime, latest study-population encounter end, LLM patient task. Latest of last encounter end and LLM last-known-alive. OS censoring date for patients without a death.",day
fhir_deceased_bool,FHIR deceased,Patient.deceasedBoolean from the raw FHIR patient table.,NULL when the site ETL does not populate it.,boolean
fhir_death_day,FHIR death day,Patient.deceasedDateTime at day precision.,NULL when the site ETL does not populate it.,day
last_encounter_day,Last encounter day,Latest enc_period_end_day_filled in the study population.,Administrative evidence only; a later note may extend last_known_alive_day.,day
llm_deceased_bool,LLM deceased,TRUE when any patient-task note gives vital_status DECEASED.,,boolean
llm_death_day,LLM death day,Earliest death_date across patient-task notes.,"Hard cast to DATE, precision not carried.",day
llm_last_known_alive_day,LLM last known alive day,Latest last_known_alive_date across patient-task notes.,"Hard cast to DATE, precision not carried.",day
first_event_day,First event day,Date of the first EFS-type event.,"First event per README section 2: earliest of PROGRESSION, RECURRENCE, SECOND_MALIGNANCY and death. REMISSION, INITIAL_DIAGNOSIS and SECOND_PRIMARY are not counted. Table: pcx__outcome_first_event. Undated events cannot be first events.",day
first_event_type,First event type,"Event type(s) on first_event_day, comma-joined when several share the date.","First event per README section 2: earliest of PROGRESSION, RECURRENCE, SECOND_MALIGNANCY and death. REMISSION, INITIAL_DIAGNOSIS and SECOND_PRIMARY are not counted. Table: pcx__outcome_first_event.",string
any_event_bool,Any event,TRUE when a dated EFS-type event exists.,"First event per README section 2: earliest of PROGRESSION, RECURRENCE, SECOND_MALIGNANCY and death. REMISSION, INITIAL_DIAGNOSIS and SECOND_PRIMARY are not counted. Table: pcx__outcome_first_event.",boolean
progression_first_day,Progression first day,Earliest dated PROGRESSION event.,"First event per README section 2: earliest of PROGRESSION, RECURRENCE, SECOND_MALIGNANCY and death. REMISSION, INITIAL_DIAGNOSIS and SECOND_PRIMARY are not counted. Table: pcx__outcome_first_event.",day
recurrence_first_day,Recurrence first day,Earliest dated RECURRENCE event.,"First event per README section 2: earliest of PROGRESSION, RECURRENCE, SECOND_MALIGNANCY and death. REMISSION, INITIAL_DIAGNOSIS and SECOND_PRIMARY are not counted. Table: pcx__outcome_first_event.",day
second_malignancy_first_day,Second malignancy first day,Earliest dated SECOND_MALIGNANCY event.,"First event per README section 2: earliest of PROGRESSION, RECURRENCE, SECOND_MALIGNANCY and death. REMISSION, INITIAL_DIAGNOSIS and SECOND_PRIMARY are not counted. Table: pcx__outcome_first_event.",day
undated_event_cnt,Undated event cnt,Number of EFS-type event mentions with no date.,Visible so a NULL first_event_day is not mistaken for no events.,integer
days_t0_to_first_event,Days T0 to first event,Days from t0_day to first_event_day.,Negative values mean the event precedes time zero and need review.,integer
methotrexate_prior_to_first_event_bool,Methotrexate prior to first event,Methotrexate received as initial therapy (README section 2).,"TRUE when the first exposure day is before first_event_day or there is no event, FALSE when on or after it (salvage, not initial therapy), NULL when no dated exposure evidence at all. Table: pcx__outcome_exposure.",boolean
chemo_prior_to_first_event_bool,Chemo prior to first event,Backbone chemotherapy received as initial therapy.,"TRUE when the first exposure day is before first_event_day or there is no event, FALSE when on or after it (salvage, not initial therapy), NULL when no dated exposure evidence at all. Table: pcx__outcome_exposure. Not a required stratifier; kept for the sequence column.",boolean
radiation_prior_to_first_event_bool,Radiation prior to first event,Radiation received as initial therapy (README section 2).,"TRUE when the first exposure day is before first_event_day or there is no event, FALSE when on or after it (salvage, not initial therapy), NULL when no dated exposure evidence at all. Table: pcx__outcome_exposure.",boolean
initial_therapy_sequence,Initial therapy sequence,Order of chemotherapy and radiation within initial treatment.,"CHEMOTHERAPY_BEFORE_RADIATION, RADIATION_BEFORE_CHEMOTHERAPY, SAME_DAY, CHEMOTHERAPY_ONLY, RADIATION_ONLY, or NULL. Uses chemo_first_day and radiation_first_day restricted to before the first event. Table: pcx__outcome_exposure.",string
protocol_names,Protocol names,"Distinct treatment protocol names documented for the subject, pipe-joined.","From LLM regimen protocol_name_verbatim and timeline-anchor protocol_name. A protocol name does not establish enrollment, randomization or receipt.",string
os_event_bool,OS event,TRUE when the patient died.,"Overall survival per README section 3: origin t0_day, event death. Table: pcx__outcome.",boolean
os_end_day,OS end day,"death_day for deceased patients, otherwise last_known_alive_day.","Overall survival per README section 3: origin t0_day, event death. Table: pcx__outcome.",day
os_days,OS days,Days from t0_day to os_end_day.,"Overall survival per README section 3: origin t0_day, event death. Table: pcx__outcome. NULL when either date is missing, including deceased patients without a death date.",integer
efs_event_bool,EFS event,TRUE when a dated EFS-type event exists.,Provisional event-free survival per README section 5. Table: pcx__outcome.,boolean
efs_end_day,EFS end day,"first_event_day when an event exists, otherwise last_known_alive_day.",Provisional event-free survival per README section 5. Table: pcx__outcome. Censoring on last-known-alive is a stand-in until dated event-free follow-up is adjudicated.,day
efs_days,EFS days,Days from t0_day to efs_end_day.,Provisional event-free survival per README section 5. Table: pcx__outcome.,integer
efs_censor_source,EFS censor source,first_event or last_known_alive_provisional.,Provisional event-free survival per README section 5. Table: pcx__outcome. Every censored row says provisional on purpose.,string
