topic	query
dx_medulloblastoma	note:(medulloblastoma* OR medulloblastoma~1 OR medullomyoblastoma* OR MBEN OR DNMB OR "MB SHH" OR "MB WNT" OR "MB Group 3" OR "MB Group 4" OR "MB Grp3" OR "MB Grp4" OR "9470/3" OR "9471/3" OR "9472/3" OR "9474/3" OR "9475/3" OR "9476/3" OR "9477/3" OR ((PNET OR "primitive neuroectodermal tumor" OR "primitive neuroectodermal tumour") AND (cerebellar OR cerebellum OR "posterior fossa" OR infratentorial OR vermis OR vermian OR "fourth ventricle" OR "4th ventricle")))
dx_atrt	note:("atypical teratoid rhabdoid" OR "atypical teratoid" OR ATRT OR "AT/RT" OR "AT RT" OR "9508/3" OR (rhabdoid AND (brain OR cerebellar OR intracranial OR CNS OR "central nervous system" OR "posterior fossa" OR INI1 OR SMARCB1 OR SMARCA4 OR BRG1)))
rx_contrast_methotrexate	note:(methotrexate OR methotrexate~1 OR amethopterin OR Trexall OR Rheumatrex OR Otrexup OR Rasuvo OR Reditrex OR Xatmep OR Jylamvo OR "HD MTX" OR "HD-MTX" OR "high dose methotrexate" OR (MTX AND (chemotherap* OR chemo OR leucovorin OR infusion OR intrathecal OR intraventricular OR intravenous OR oral OR subcutaneous OR dose OR doses OR administer* OR received OR held OR omitted OR clearance OR level* OR rescue OR ACNS0334 OR "ACNS 0334")))
rx_chemotherapy	note:(vincristine OR vincristine~1 OR Vincasar OR Marqibo OR Oncovin OR carboplatin OR Paraplatin OR Kyxata OR cyclophosphamide OR cyclophosphamide~1 OR Cytoxan OR Neosar OR Frindovyx OR cisplatin OR Platinol OR thiotepa OR Tepadina OR Tepylute OR Thioplex OR etoposide OR "etoposide phosphate" OR Vepesid OR Toposar OR Etopophos OR Avopef OR ((VCR OR CBDCA OR CTX OR CPM OR CDDP OR "VP-16" OR VP16) AND (chemotherap* OR chemo OR induction OR consolidation OR cycle* OR infusion OR intravenous OR dose OR doses OR administer* OR received OR held OR omitted OR ACNS0334 OR "ACNS 0334")))
diagnosis_recall	(note:(medulloblastoma* OR medulloblastoma~1 OR medullomyoblastoma* OR MBEN OR DNMB OR "MB SHH" OR "MB WNT" OR "MB Group 3" OR "MB Group 4" OR "MB Grp3" OR "MB Grp4" OR "9470/3" OR "9471/3" OR "9472/3" OR "9474/3" OR "9475/3" OR "9476/3" OR "9477/3" OR ((PNET OR "primitive neuroectodermal tumor" OR "primitive neuroectodermal tumour") AND (cerebellar OR cerebellum OR "posterior fossa" OR infratentorial OR vermis OR vermian OR "fourth ventricle" OR "4th ventricle"))) OR note:("atypical teratoid rhabdoid" OR "atypical teratoid" OR ATRT OR "AT/RT" OR "AT RT" OR "9508/3" OR (rhabdoid AND (brain OR cerebellar OR intracranial OR CNS OR "central nervous system" OR "posterior fossa" OR INI1 OR SMARCB1 OR SMARCA4 OR BRG1))) OR note:(ETMR OR ETANTR OR ependymoblastoma* OR medulloepithelioma* OR pineoblastoma* OR sPNET OR "supratentorial PNET" OR "CNS PNET" OR "CNS-PNET" OR "CNS embryonal" OR "embryonal tumor" OR "embryonal tumour" OR "CNS neuroblastoma" OR "cerebellar sarcoma" OR "9473/3" OR "9478/3" OR "9362/3" OR "9501/3" OR ACNS0334 OR "ACNS 0334" OR ((PNET OR embryonal) AND (brain OR intracranial OR CNS OR "central nervous system" OR supratentorial OR pineal OR cerebral OR hemispheric)) OR glioma* OR ependymoma* OR craniopharyngioma* OR "choroid plexus" OR "germ cell tumor" OR "germ cell tumour" OR germinoma* OR glioneuronal OR ganglioglioma* OR "CNS sarcoma" OR "brain tumor" OR "brain tumour" OR "CNS tumor" OR "CNS tumour" OR "posterior fossa mass" OR "posterior fossa tumor" OR "posterior fossa tumour" OR "integrated diagnosis"))
transition_of_care_recall	((note:(tumor OR tumour OR tumors OR tumours OR cancer OR cancers OR oncolog* OR malignan* OR neoplasm* OR carcinoma* OR sarcoma* OR blastoma* OR chemotherap* OR chemo OR radiotherap* OR "radiation therapy" OR "radiation oncology" OR "radiation treatment" OR "malignant cells" OR medulloblastoma* OR ATRT OR "atypical teratoid" OR rhabdoid OR ETMR OR pineoblastoma* OR "embryonal tumor" OR "embryonal tumour" OR PNET OR ACNS0334 OR "ACNS 0334") AND note:("transfer of care" OR "transferred care" OR "care transferred" OR "transfer of oncology care" OR "transfer of neuro oncology care" OR "transferred his care" OR "transferred her care" OR "transferred their care" OR "assume care" OR "assumed care" OR "assuming care" OR "transferred after resection" OR "transferred following resection" OR "transferred post op" OR "transferred postoperatively" OR "transferred with an EVD" OR "transferred with EVD" OR "transferred intubated" OR "transferred for neurosurgical" OR "transferred for neurosurgery" OR "transferred for resection" OR "transferred for surgical resection" OR "transferred for further management" OR "transferred for higher level of care" OR "transferred for oncologic" OR "transferred for oncology" OR "transferred for proton" OR "transferred for stem cell" OR "transferred for chemotherapy" OR "referred for neurosurgical" OR "referred for resection" OR "referred for proton" OR "referred for stem cell" OR "referred for high dose chemotherapy" OR "referred for second opinion" OR "referred for enrollment" OR "referred for protocol" OR "referred to neuro oncology" OR "referred to oncology" OR "resected at an outside" OR "resected at outside" OR "resection at an outside" OR "resection at outside" OR "craniotomy at an outside" OR "craniotomy at outside" OR "underwent resection at" OR "underwent craniotomy at" OR "s/p resection at" OR "s/p craniotomy at" OR "outside pathology reviewed" OR "outside pathology showed" OR "outside pathology revealed" OR "outside pathology report" OR "outside pathology consistent with" OR "outside slides" OR "slides reviewed" OR "slides were reviewed" OR "pathology reviewed here" OR "reviewed by our neuropathologist" OR "reviewed by our pathologist" OR "outside CT" OR "outside MRI" OR "outside imaging" OR "outside head CT" OR "outside brain MRI" OR "showed a posterior fossa mass" OR "revealed a posterior fossa mass" OR "showed a cerebellar mass" OR "found to have a posterior fossa mass" OR "found to have a brain mass" OR "started induction at" OR "induction at an outside" OR "induction at outside" OR "started chemotherapy at" OR "began chemotherapy at" OR "received chemotherapy at" OR "chemotherapy at an outside" OR "chemotherapy at outside" OR "cycle 1 at" OR "received radiation at" OR "radiation at an outside" OR "radiation at outside" OR "treated on protocol at" OR "enrolled at an outside" OR "previously treated at" OR "previously followed at" OR "initially diagnosed at" OR "originally diagnosed at" OR "treated elsewhere" OR "diagnosed elsewhere" OR "continue treatment here" OR "continue therapy here" OR "complete therapy here" OR "remainder of therapy here" OR "remaining cycles here" OR ((outside OR OSH OR elsewhere OR "another hospital" OR "another institution" OR "referring hospital" OR "referring institution" OR "community hospital" OR "local hospital" OR "sending hospital") AND (diagnos* OR patholog* OR slides OR biops* OR resect* OR craniotom* OR craniectom* OR neurosurg* OR chemotherap* OR induction OR cycle* OR radiotherap* OR irradiat* OR radiation OR proton OR "stem cell" OR MRI OR CT OR imaging OR mass OR hydrocephalus OR EVD OR shunt)) OR (("this institution" OR "our institution" OR "at BCH" OR "to BCH" OR "Boston Children's") AND ("initial diagnosis" OR "initial resection" OR "definitive surgery" OR "first MRI" OR "initial MRI" OR "established care" OR "transfer of care")) OR (("treatment naive" OR "no prior therapy" OR "no prior chemotherapy" OR "no prior radiation" OR "steroids only" OR "newly diagnosed") AND (arrival OR arrived OR presentation OR presented OR transfer* OR "first visit" OR "initial visit" OR "new patient" OR "established care")))) OR (note:(tumor OR tumour OR tumors OR tumours OR cancer OR cancers OR oncolog* OR malignan* OR neoplasm* OR carcinoma* OR sarcoma* OR blastoma* OR chemotherap* OR chemo OR radiotherap* OR "radiation therapy" OR "radiation oncology" OR "radiation treatment" OR "malignant cells" OR medulloblastoma* OR ATRT OR "atypical teratoid" OR rhabdoid OR ETMR OR pineoblastoma* OR "embryonal tumor" OR "embryonal tumour" OR PNET OR ACNS0334 OR "ACNS 0334") AND note:(transfer* OR referral OR referred OR "outside hospital" OR "outside institution" OR "outside facility" OR "outside records" OR "outside oncologist" OR "outside oncology" OR "outside provider" OR "outside pathology" OR "outside slides" OR "outside imaging" OR "outside MRI" OR "outside CT" OR "referring hospital" OR "referring physician" OR "referring provider" OR "previously treated at" OR "previously followed at" OR "initially diagnosed at" OR "originally diagnosed at" OR "prior institution" OR "previous institution" OR "prior oncologist" OR "treated elsewhere" OR "diagnosed elsewhere" OR "followed elsewhere" OR "second opinion" OR "establish care" OR "establishing care" OR "established care" OR "new patient" OR "new to our" OR "relocated from" OR "moved from" OR "moved here" OR "records reviewed" OR "records obtained" OR "records requested" OR "records from" OR "per outside" OR medflight OR "med flight" OR "critical care transport" OR "transport team" OR "flown from" OR "life flight" OR "treatment naive" OR "no prior therapy" OR "no prior chemotherapy" OR "no prior radiation" OR (OSH AND (records OR MRI OR CT OR imaging OR patholog* OR treated OR diagnos* OR chemotherap* OR surg* OR resect* OR oncolog* OR transfer*)))))
surgery_recall	((note:("tumor resection" OR "tumour resection" OR "suboccipital craniotomy" OR "suboccipital craniectomy" OR "posterior fossa craniotomy" OR "gross total resection" OR "near total resection" OR "subtotal resection" OR "extent of resection" OR "second look surgery" OR "second look resection" OR "residual tumor" OR "residual tumour") OR (note:(tumor OR tumour OR tumors OR tumours OR cancer OR cancers OR oncolog* OR malignan* OR neoplasm* OR carcinoma* OR sarcoma* OR blastoma* OR chemotherap* OR chemo OR radiotherap* OR "radiation therapy" OR "radiation oncology" OR "radiation treatment" OR "malignant cells" OR medulloblastoma* OR ATRT OR "atypical teratoid" OR rhabdoid OR ETMR OR pineoblastoma* OR "embryonal tumor" OR "embryonal tumour" OR PNET OR ACNS0334 OR "ACNS 0334" OR brain OR cerebell* OR "posterior fossa" OR intracranial OR cranial OR neurosurg* OR craniotom* OR craniectom*) AND note:("extent of resection" OR "gross total resection" OR "near total resection" OR "subtotal resection" OR "partial resection" OR "tumor resection" OR "tumour resection" OR "stereotactic biopsy" OR "laser interstitial thermal therapy" OR "second look surgery" OR "second look resection" OR "suboccipital craniotomy" OR "suboccipital craniectomy" OR "posterior fossa craniotomy" OR "definitive surgery" OR "underwent craniotomy" OR "underwent resection" OR "s/p craniotomy" OR "s/p resection" OR "endoscopic endonasal" OR "transsphenoidal resection" OR ((postop* OR "post operative" OR "post op" OR resect* OR "surgical cavity") AND (residual OR GTR OR NTR OR STR OR enhancement OR MRI)) OR ((laminectom* OR debulk* OR biops*) AND (neurosurg* OR intracranial OR cerebellar OR spinal OR "posterior fossa")) OR craniotom* OR craniectom* OR "operative report" OR "operative note" OR "brief operative" OR "procedure performed" OR "date of surgery" OR "surgery date" OR "residual tumor" OR "residual tumour" OR "residual disease" OR "residual enhancement" OR "no residual"))) OR (note:(tumor OR tumour OR tumors OR tumours OR cancer OR cancers OR oncolog* OR malignan* OR neoplasm* OR carcinoma* OR sarcoma* OR blastoma* OR chemotherap* OR chemo OR radiotherap* OR "radiation therapy" OR "radiation oncology" OR "radiation treatment" OR "malignant cells" OR medulloblastoma* OR ATRT OR "atypical teratoid" OR rhabdoid OR ETMR OR pineoblastoma* OR "embryonal tumor" OR "embryonal tumour" OR PNET OR ACNS0334 OR "ACNS 0334" OR brain OR cerebell* OR "posterior fossa" OR intracranial OR cranial OR neurosurg* OR craniotom* OR craniectom*) AND note:(surg* OR operat* OR resect* OR craniotom* OR craniectom* OR biops* OR "gross total" OR GTR OR "near total" OR NTR OR subtotal OR STR OR residual OR suboccipital OR neurosurg* OR debulk* OR "extent of resection" OR postop* OR "post operative" OR "post op" OR "second look" OR laminectom* OR endoscop* OR endonas* OR transsphenoid* OR stereotactic OR LITT OR "laser interstitial")))
metastasis_recall	((note:("CSF cytology" OR "cerebrospinal fluid cytology" OR "drop metastases" OR "drop metastasis" OR "drop mets" OR leptomening* OR "Chang stage" OR "Chang M" OR "stage M0" OR "stage M1" OR "stage M2" OR "stage M3" OR "stage M4" OR "metastatic disease" OR "spinal seeding" OR "spinal metastases" OR "spinal metastasis") OR (note:(tumor OR tumour OR tumors OR tumours OR cancer OR cancers OR oncolog* OR malignan* OR neoplasm* OR carcinoma* OR sarcoma* OR blastoma* OR chemotherap* OR chemo OR radiotherap* OR "radiation therapy" OR "radiation oncology" OR "radiation treatment" OR "malignant cells" OR medulloblastoma* OR ATRT OR "atypical teratoid" OR rhabdoid OR ETMR OR pineoblastoma* OR "embryonal tumor" OR "embryonal tumour" OR PNET OR ACNS0334 OR "ACNS 0334") AND note:("Chang stage" OR "Chang M" OR "M stage" OR "stage M0" OR "stage M1" OR "stage M2" OR "stage M3" OR "stage M4" OR "M0 disease" OR "M1 disease" OR "M2 disease" OR "M3 disease" OR "M4 disease" OR "CSF cytology" OR "cerebrospinal fluid cytology" OR "lumbar CSF" OR "ventricular CSF" OR "drop metastases" OR "drop metastasis" OR "drop mets" OR leptomening* OR "spinal seeding" OR "spinal metastases" OR "metastatic disease" OR "disseminated disease" OR "no evidence of dissemination" OR ((CSF OR "cerebrospinal fluid" OR cytolog*) AND ("malignant cells" OR negative OR positive OR indeterminate)) OR ((brain OR spine OR spinal OR neuraxis OR neuroaxis) AND (MRI OR imaging) AND (metasta* OR disseminat* OR seeding OR staging OR enhancement)) OR ((extraneural OR "extra neural" OR "bone marrow" OR liver OR kidney OR bone) AND metasta*) OR "no evidence of metastatic" OR "no evidence of leptomeningeal" OR "metastatic spread" OR "spinal metastasis"))) OR (note:(tumor OR tumour OR tumors OR tumours OR cancer OR cancers OR oncolog* OR malignan* OR neoplasm* OR carcinoma* OR sarcoma* OR blastoma* OR chemotherap* OR chemo OR radiotherap* OR "radiation therapy" OR "radiation oncology" OR "radiation treatment" OR "malignant cells" OR medulloblastoma* OR ATRT OR "atypical teratoid" OR rhabdoid OR ETMR OR pineoblastoma* OR "embryonal tumor" OR "embryonal tumour" OR PNET OR ACNS0334 OR "ACNS 0334") AND note:(Chang OR "M stage" OR M0 OR M1 OR M2 OR M3 OR M4 OR CSF OR "cerebrospinal fluid" OR cytolog* OR "lumbar puncture" OR leptomening* OR metasta* OR mets OR disseminat* OR seeding OR "drop lesion" OR "drop lesions" OR "drop mets" OR "spine MRI" OR "spinal MRI" OR "MRI spine" OR "total spine" OR "whole spine" OR "brain MRI" OR "MRI brain" OR neuraxis OR neuroaxis OR "bone marrow" OR extraneural OR "extra neural" OR "bone scan" OR staging)))
molecular_recall	((note:("methylation class" OR "methylation classifier" OR "methylation profiling" OR "molecular subgroup" OR "molecular subgrouping" OR "integrated diagnosis" OR "WNT activated" OR "SHH activated" OR "non WNT non SHH" OR "isochromosome 17q" OR i17q OR "MYC amplification" OR "MYCN amplification" OR NanoString OR OncoPanel OR "ATRT SHH" OR "ATRT MYC" OR "ATRT TYR") OR (note:(tumor OR tumour OR tumors OR tumours OR cancer OR cancers OR oncolog* OR malignan* OR neoplasm* OR carcinoma* OR sarcoma* OR blastoma* OR chemotherap* OR chemo OR radiotherap* OR "radiation therapy" OR "radiation oncology" OR "radiation treatment" OR "malignant cells" OR medulloblastoma* OR ATRT OR "atypical teratoid" OR rhabdoid OR ETMR OR pineoblastoma* OR "embryonal tumor" OR "embryonal tumour" OR PNET OR ACNS0334 OR "ACNS 0334") AND note:("methylation class" OR "methylation profiling" OR "methylation array" OR "methylation classifier" OR "DNA methylation" OR "molecular subgroup" OR "molecular subgrouping" OR "molecular subtype" OR "molecular classification" OR "integrated diagnosis" OR "calibrated score" OR "classifier score" OR "Group 3" OR "Group III" OR "Grp 3" OR Group3 OR Grp3 OR "Group 4" OR "Group IV" OR "Grp 4" OR Group4 OR Grp4 OR "SHH activated" OR "WNT activated" OR "non WNT non SHH" OR "isochromosome 17q" OR i17q OR NanoString OR OncoPanel OR ((MYC OR MYCN OR TP53 OR CTNNB1 OR SUFU OR PTCH1 OR SMARCB1 OR SMARCA4 OR INI1 OR BRG1 OR LIN28A OR C19MC OR DICER1 OR chromosom* OR i17q OR 17q) AND (amplif* OR gain OR loss OR delet* OR mutat* OR variant* OR retained OR absent OR negative OR positive OR indeterminate OR FISH OR sequenc* OR immunohistochem* OR IHC OR "copy number")) OR "ATRT SHH" OR "ATRT MYC" OR "ATRT TYR" OR ((WNT OR SHH) AND (subgroup* OR subclass* OR methylat* OR molecular OR classif* OR activated))))) OR (note:(tumor OR tumour OR tumors OR tumours OR cancer OR cancers OR oncolog* OR malignan* OR neoplasm* OR carcinoma* OR sarcoma* OR blastoma* OR chemotherap* OR chemo OR radiotherap* OR "radiation therapy" OR "radiation oncology" OR "radiation treatment" OR "malignant cells" OR medulloblastoma* OR ATRT OR "atypical teratoid" OR rhabdoid OR ETMR OR pineoblastoma* OR "embryonal tumor" OR "embryonal tumour" OR PNET OR ACNS0334 OR "ACNS 0334") AND note:(WNT OR SHH OR "sonic hedgehog" OR "Group 3" OR "Group III" OR "Grp 3" OR Group3 OR Grp3 OR "Group 4" OR "Group IV" OR "Grp 4" OR Group4 OR Grp4 OR "non WNT" OR methylat* OR molecular OR subgroup* OR subclass* OR "integrated diagnosis" OR MYC OR MYCN OR TP53 OR p53 OR CTNNB1 OR "beta catenin" OR YAP1 OR GAB1 OR filamin OR SUFU OR PTCH1 OR SMARCB1 OR SMARCA4 OR INI1 OR BRG1 OR LIN28A OR C19MC OR DICER1 OR chromosom* OR isochromosom* OR i17q OR 17q OR "copy number" OR amplif* OR FISH OR immunohistochem* OR IHC OR sequenc* OR NGS OR OncoPanel OR NanoString OR exome OR classif* OR "large cell anaplastic" OR desmoplastic OR "extensive nodularity")))
systemic_therapy_recall	((note:(vincristine OR vincristine~1 OR Vincasar OR Marqibo OR Oncovin OR carboplatin OR Paraplatin OR Kyxata OR cisplatin OR Platinol OR thiotepa OR Tepadina OR Tepylute OR Thioplex OR etoposide OR Vepesid OR Toposar OR Etopophos OR Avopef OR ACNS0334 OR "ACNS 0334" OR ACNS0333 OR CCG99703 OR CCG9921 OR "Head Start" OR SJYC07 OR PBTC026 OR "stem cell rescue" OR "high dose chemotherapy" OR "high dose methotrexate" OR "leucovorin rescue") OR (note:(tumor OR tumour OR tumors OR tumours OR cancer OR cancers OR oncolog* OR malignan* OR neoplasm* OR carcinoma* OR sarcoma* OR blastoma* OR chemotherap* OR chemo OR radiotherap* OR "radiation therapy" OR "radiation oncology" OR "radiation treatment" OR "malignant cells" OR medulloblastoma* OR ATRT OR "atypical teratoid" OR rhabdoid OR ETMR OR pineoblastoma* OR "embryonal tumor" OR "embryonal tumour" OR PNET OR ACNS0334 OR "ACNS 0334") AND note:("stem cell rescue" OR "stem cell infusion" OR "autologous stem cell transplant" OR "peripheral blood stem cell infusion" OR "high dose chemotherapy" OR "high dose methotrexate" OR ((chemotherap* OR chemo OR methotrexate OR amethopterin OR Trexall OR Rheumatrex OR Otrexup OR Rasuvo OR Reditrex OR Xatmep OR Jylamvo OR MTX OR vincristine OR Vincasar OR Marqibo OR Oncovin OR carboplatin OR Paraplatin OR Kyxata OR cyclophosphamide OR Cytoxan OR Neosar OR Frindovyx OR cisplatin OR Platinol OR thiotepa OR Tepadina OR Tepylute OR Thioplex OR etoposide OR Vepesid OR Toposar OR Etopophos OR Avopef OR ACNS0334 OR "ACNS 0334" OR ACNS0333 OR CCG99703 OR CCG9921 OR "Head Start" OR SJYC07 OR PBTC026) AND (administer* OR received OR given OR infused OR infusion OR cycle* OR "day 1" OR dose OR dosing OR "mg/m2" OR "g/m2" OR "mg/kg" OR regimen OR induction OR consolidation OR intrathecal OR intraventricular OR intravenous OR oral OR subcutaneous OR planned OR held OR omitted OR cancelled OR deferred OR "no prior" OR "not received" OR "never received" OR "without chemotherapy")) OR "leucovorin rescue" OR "HD MTX" OR "HD-MTX"))) OR (note:(tumor OR tumour OR tumors OR tumours OR cancer OR cancers OR oncolog* OR malignan* OR neoplasm* OR carcinoma* OR sarcoma* OR blastoma* OR chemotherap* OR chemo OR radiotherap* OR "radiation therapy" OR "radiation oncology" OR "radiation treatment" OR "malignant cells" OR medulloblastoma* OR ATRT OR "atypical teratoid" OR rhabdoid OR ETMR OR pineoblastoma* OR "embryonal tumor" OR "embryonal tumour" OR PNET OR ACNS0334 OR "ACNS 0334") AND note:(chemotherap* OR chemo OR antineoplastic OR regimen* OR induction OR consolidation OR salvage OR methotrexate OR methotrexate~1 OR amethopterin OR Trexall OR Rheumatrex OR Otrexup OR Rasuvo OR Reditrex OR Xatmep OR Jylamvo OR MTX OR vincristine OR vincristine~1 OR Vincasar OR Marqibo OR Oncovin OR carboplatin OR Paraplatin OR Kyxata OR cyclophosphamide OR cyclophosphamide~1 OR Cytoxan OR Neosar OR Frindovyx OR cisplatin OR Platinol OR thiotepa OR Tepadina OR Tepylute OR Thioplex OR etoposide OR Vepesid OR Toposar OR Etopophos OR Avopef OR ACNS0334 OR "ACNS 0334" OR ACNS0333 OR "ACNS 0333" OR CCG99703 OR "CCG 99703" OR CCG9921 OR "CCG 9921" OR "Head Start" OR SJYC07 OR PBTC026 OR "stem cell" OR PBSC OR ASCR OR autologous OR leucovorin OR filgrastim OR Neupogen OR "G-CSF" OR GCSF OR mesna OR CD34 OR "mg/m2" OR "g/m2" OR "mg/m^2" OR "g/m^2" OR ((VCR OR CBDCA OR CTX OR CPM OR CDDP OR "VP-16" OR VP16 OR cycle* OR HDC) AND (chemotherap* OR chemo OR induction OR consolidation OR infusion OR dose OR administer*)))))
radiation_recall	((note:(radiotherap* OR "radiation therapy" OR "radiation treatment" OR "radiation oncology" OR "craniospinal irradiation" OR "craniospinal radiation" OR "proton therapy" OR "proton beam" OR "photon therapy" OR "focal radiation" OR "tumor bed boost" OR "tumour bed boost" OR "posterior fossa boost" OR "gamma knife" OR radiosurg* OR brachytherap* OR "radiation deferred" OR "radiation omitted" OR "radiation sparing") OR (note:(tumor OR tumour OR tumors OR tumours OR cancer OR cancers OR oncolog* OR malignan* OR neoplasm* OR carcinoma* OR sarcoma* OR blastoma* OR chemotherap* OR chemo OR radiotherap* OR "radiation therapy" OR "radiation oncology" OR "radiation treatment" OR "malignant cells" OR medulloblastoma* OR ATRT OR "atypical teratoid" OR rhabdoid OR ETMR OR pineoblastoma* OR "embryonal tumor" OR "embryonal tumour" OR PNET OR ACNS0334 OR "ACNS 0334") AND note:(radiotherap* OR irradiat* OR "radiation oncology" OR "radiation therapy" OR "radiation treatment" OR "proton therapy" OR "proton beam" OR "proton radiation" OR "photon therapy" OR "focal radiation" OR "tumor bed boost" OR "tumour bed boost" OR "posterior fossa boost" OR "gamma knife" OR radiosurg* OR brachytherap* OR "no radiation" OR "without radiation" OR "radiation deferred" OR "radiation omitted" OR "avoid radiation" OR "avoiding radiation" OR "radiation free" OR "radiation sparing" OR "delay radiation" OR "delayed radiation" OR ((radiat* OR proton* OR photon* OR CSI OR IMRT OR SRS OR XRT OR RT) AND (craniospinal OR "tumor bed" OR "tumour bed" OR dose OR fraction* OR boost OR Gy OR cGy OR CGE OR received OR delivered OR completed OR deferred OR omitted OR declined OR avoided OR "no prior" OR "not received" OR "never received" OR "did not receive" OR "has not received")) OR "craniospinal irradiation" OR "craniospinal radiation" OR "craniospinal radiotherapy" OR "salvage radiation"))) OR (note:(tumor OR tumour OR tumors OR tumours OR cancer OR cancers OR oncolog* OR malignan* OR neoplasm* OR carcinoma* OR sarcoma* OR blastoma* OR chemotherap* OR chemo OR radiotherap* OR "radiation therapy" OR "radiation oncology" OR "radiation treatment" OR "malignant cells" OR medulloblastoma* OR ATRT OR "atypical teratoid" OR rhabdoid OR ETMR OR pineoblastoma* OR "embryonal tumor" OR "embryonal tumour" OR PNET OR ACNS0334 OR "ACNS 0334") AND note:(radiat* OR radiotherap* OR irradiat* OR XRT OR (RT AND (dose OR field OR boost OR craniospinal OR focal OR proton OR photon OR Gy OR cGy OR fraction* OR planning OR simulation OR received OR completed OR deferred OR omitted OR declined OR consult OR oncology)) OR craniospinal OR CSI OR proton* OR photon* OR IMRT OR SRS OR radiosurg* OR "gamma knife" OR brachytherap* OR "rad onc" OR "tumor bed" OR "tumour bed" OR "focal boost" OR "posterior fossa boost" OR Gy OR cGy OR CGE OR centigray OR "radiation free" OR "radiation sparing")))
response_recall	((note:("tumor response" OR "tumour response" OR RANO OR RAPNO OR "no residual tumor" OR "no residual tumour" OR "measurable disease" OR "evaluable disease") OR (note:(tumor OR tumour OR tumors OR tumours OR cancer OR cancers OR oncolog* OR malignan* OR neoplasm* OR carcinoma* OR sarcoma* OR blastoma* OR chemotherap* OR chemo OR radiotherap* OR "radiation therapy" OR "radiation oncology" OR "radiation treatment" OR "malignant cells" OR medulloblastoma* OR ATRT OR "atypical teratoid" OR rhabdoid OR ETMR OR pineoblastoma* OR "embryonal tumor" OR "embryonal tumour" OR PNET OR ACNS0334 OR "ACNS 0334") AND note:("complete response" OR "partial response" OR "stable disease" OR "progressive disease" OR "no evidence of disease" OR "no residual disease" OR "treatment response" OR "response assessment" OR "response evaluation" OR "disease evaluation" OR "radiographic response" OR "radiologic response" OR "radiological response" OR "residual enhancement tumor"~8 OR "residual enhancement tumour"~8 OR "residual enhancement resection"~8 OR "residual enhancement cavity"~8 OR "interval decrease tumor"~8 OR "interval decrease mass"~8 OR "interval decrease lesion"~8 OR "interval increase tumor"~8 OR "interval increase mass"~8 OR "interval increase lesion"~8 OR (("end of induction" OR "end induction" OR "end of consolidation" OR "end consolidation" OR "post induction" OR "post consolidation" OR restag*) AND (assessment OR evaluation OR response OR "stable disease" OR "progressive disease" OR "no evidence of disease" OR CR OR PR OR SD OR PD)) OR (("CSF cytology" OR "negative cytology" OR "positive cytology") AND ("end of induction" OR "end of consolidation" OR response OR assessment OR restag*))))) OR (note:(tumor OR tumour OR tumors OR tumours OR cancer OR cancers OR oncolog* OR malignan* OR neoplasm* OR carcinoma* OR sarcoma* OR blastoma* OR chemotherap* OR chemo OR radiotherap* OR "radiation therapy" OR "radiation oncology" OR "radiation treatment" OR "malignant cells" OR medulloblastoma* OR ATRT OR "atypical teratoid" OR rhabdoid OR ETMR OR pineoblastoma* OR "embryonal tumor" OR "embryonal tumour" OR PNET OR ACNS0334 OR "ACNS 0334") AND note:("tumor stable"~5 OR "tumor unchanged"~5 OR "tumor resolved"~5 OR "tumor decreased"~5 OR "tumor increased"~5 OR "tumor smaller"~5 OR "tumor larger"~5 OR "tumor progression"~5 OR "tumor progressed"~5 OR "tumor response"~5 OR "tumour stable"~5 OR "tumour unchanged"~5 OR "tumour resolved"~5 OR "tumour decreased"~5 OR "tumour increased"~5 OR "tumour smaller"~5 OR "tumour larger"~5 OR "tumour progression"~5 OR "tumour progressed"~5 OR "tumour response"~5 OR "mass stable"~5 OR "mass unchanged"~5 OR "mass resolved"~5 OR "mass decreased"~5 OR "mass increased"~5 OR "mass smaller"~5 OR "mass larger"~5 OR "mass progression"~5 OR "mass progressed"~5 OR "mass response"~5 OR "lesion stable"~5 OR "lesion unchanged"~5 OR "lesion resolved"~5 OR "lesion decreased"~5 OR "lesion increased"~5 OR "lesion smaller"~5 OR "lesion larger"~5 OR "lesion progression"~5 OR "lesion progressed"~5 OR "lesion response"~5 OR "enhancement stable"~5 OR "enhancement unchanged"~5 OR "enhancement resolved"~5 OR "enhancement decreased"~5 OR "enhancement increased"~5 OR "enhancement smaller"~5 OR "enhancement larger"~5 OR "enhancement progression"~5 OR "enhancement progressed"~5 OR "enhancement response"~5 OR "cavity stable"~5 OR "cavity unchanged"~5 OR "cavity resolved"~5 OR "cavity decreased"~5 OR "cavity increased"~5 OR "cavity smaller"~5 OR "cavity larger"~5 OR "cavity progression"~5 OR "cavity progressed"~5 OR "cavity response"~5 OR "residual stable"~5 OR "residual unchanged"~5 OR "residual resolved"~5 OR "residual decreased"~5 OR "residual increased"~5 OR "residual smaller"~5 OR "residual larger"~5 OR "residual progression"~5 OR "residual progressed"~5 OR "residual response"~5 OR "metastases stable"~5 OR "metastases unchanged"~5 OR "metastases resolved"~5 OR "metastases decreased"~5 OR "metastases increased"~5 OR "metastases smaller"~5 OR "metastases larger"~5 OR "metastases progression"~5 OR "metastases progressed"~5 OR "metastases response"~5 OR "not evaluable" OR NED OR restag* OR "re staging" OR "no new" OR "decreased in size" OR "increased in size" OR "interval decrease" OR "interval increase" OR "residual enhancement" OR "no residual enhancement" OR "disease evaluation" OR "negative CSF" OR cytolog* OR remission OR "end of induction" OR "end induction" OR "end of consolidation" OR "end consolidation" OR "post induction" OR "post consolidation" OR "end of therapy" OR "off therapy" OR ((CR OR PR OR SD OR PD) AND (assessment OR imaging OR cycle* OR induction OR consolidation)))))
event_recall	((note:("tumor progression" OR "tumour progression" OR "second malignancy" OR "secondary malignancy" OR "second primary" OR "second cancer" OR "secondary leukemia" OR "new metastatic" OR "new leptomeningeal") OR (note:(tumor OR tumour OR tumors OR tumours OR cancer OR cancers OR oncolog* OR malignan* OR neoplasm* OR carcinoma* OR sarcoma* OR blastoma* OR chemotherap* OR chemo OR radiotherap* OR "radiation therapy" OR "radiation oncology" OR "radiation treatment" OR "malignant cells" OR medulloblastoma* OR ATRT OR "atypical teratoid" OR rhabdoid OR ETMR OR pineoblastoma* OR "embryonal tumor" OR "embryonal tumour" OR PNET OR ACNS0334 OR "ACNS 0334") AND note:("initial diagnosis" OR "newly diagnosed" OR "date of diagnosis" OR "disease progression" OR "progressive disease" OR "tumor progression" OR "tumour progression" OR "radiographic progression" OR "progression of disease" OR "disease recurrence" OR "recurrent disease" OR "recurrent tumor" OR "recurrent tumour" OR "relapsed disease" OR "disease relapse" OR "date of progression" OR "date of relapse" OR "date of recurrence" OR "new metastatic" OR "new leptomeningeal" OR "refractory disease" OR "second malignancy" OR "secondary malignancy" OR "second primary" OR "second cancer" OR "secondary leukemia" OR "secondary AML" OR "therapy related AML" OR deceased OR died OR "passed away" OR "pronounced dead" OR "time of death" OR "date of death" OR "death certificate" OR "cause of death" OR succumbed OR "in remission" OR "complete remission" OR "no evidence of recurrence" OR "no evidence of progression" OR "no evidence of relapse" OR "no evidence of disease" OR recurrence OR recurrent OR relapse OR relapsed OR "recurrent medulloblastoma" OR "remains in remission" OR "continued remission" OR "died on" OR "died of" OR "died from"))) OR (note:(tumor OR tumour OR tumors OR tumours OR cancer OR cancers OR oncolog* OR malignan* OR neoplasm* OR carcinoma* OR sarcoma* OR blastoma* OR chemotherap* OR chemo OR radiotherap* OR "radiation therapy" OR "radiation oncology" OR "radiation treatment" OR "malignant cells" OR medulloblastoma* OR ATRT OR "atypical teratoid" OR rhabdoid OR ETMR OR pineoblastoma* OR "embryonal tumor" OR "embryonal tumour" OR PNET OR ACNS0334 OR "ACNS 0334") AND note:(diagnosed OR "initial diagnosis" OR "newly diagnosed" OR "date of diagnosis" OR progression OR progressive OR progressed OR recurr* OR relaps* OR refractory OR "new lesion" OR "new lesions" OR "new enhancement" OR "new enhancing" OR "new nodule" OR "new nodules" OR "second malignancy" OR "secondary malignancy" OR "second primary" OR "second cancer" OR "secondary cancer" OR "secondary leukemia" OR "secondary AML" OR remission OR "disease free" OR "event free" OR "no evidence of disease" OR deceased OR death OR died OR dies OR dying OR "passed away" OR expired OR succumbed OR hospice OR "comfort care" OR palliative OR "end of life" OR DNR OR "do not resuscitate")))
patient_recall	((note:("cycle 1 day 1" OR C1D1 OR "induction cycle 1" OR "completed consolidation" OR "event free" OR "progression free") OR (note:(tumor OR tumour OR tumors OR tumours OR cancer OR cancers OR oncolog* OR malignan* OR neoplasm* OR carcinoma* OR sarcoma* OR blastoma* OR chemotherap* OR chemo OR radiotherap* OR "radiation therapy" OR "radiation oncology" OR "radiation treatment" OR "malignant cells" OR medulloblastoma* OR ATRT OR "atypical teratoid" OR rhabdoid OR ETMR OR pineoblastoma* OR "embryonal tumor" OR "embryonal tumour" OR PNET OR ACNS0334 OR "ACNS 0334") AND note:("date of diagnosis" OR "diagnosed on" OR "initially diagnosed" OR "originally diagnosed" OR "initial diagnosis" OR "original diagnosis" OR "date of surgery" OR "surgery date" OR "definitive surgery" OR "initial MRI" OR "first MRI" OR "presenting MRI" OR "MRI at diagnosis" OR "treatment initiation" OR "started induction" OR "began induction" OR "induction cycle 1" OR "cycle 1 day 1" OR C1D1 OR "completed induction" OR "completed consolidation" OR "end of therapy" OR "vital status" OR "last known alive" OR "last seen alive" OR "last follow up" OR "last contact" OR "lost to follow" OR "date of death" OR deceased OR died OR "passed away" OR "event free" OR "disease free" OR "progression free" OR "no evidence of disease" OR ((enroll* OR enrol* OR randomiz* OR randomis* OR consented) AND (trial OR study OR protocol OR ACNS0334 OR "arm A" OR "arm B")) OR (("follow up" OR followup OR surveillance) AND (alive OR remission OR recurrence OR progression OR "no evidence" OR "doing well")) OR "alive and well" OR "underwent resection" OR "underwent craniotomy" OR "started chemotherapy" OR "treatment started" OR "off therapy" OR "off treatment" OR "no evidence of recurrence"))) OR (note:(tumor OR tumour OR tumors OR tumours OR cancer OR cancers OR oncolog* OR malignan* OR neoplasm* OR carcinoma* OR sarcoma* OR blastoma* OR chemotherap* OR chemo OR radiotherap* OR "radiation therapy" OR "radiation oncology" OR "radiation treatment" OR "malignant cells" OR medulloblastoma* OR ATRT OR "atypical teratoid" OR rhabdoid OR ETMR OR pineoblastoma* OR "embryonal tumor" OR "embryonal tumour" OR PNET OR ACNS0334 OR "ACNS 0334") AND note:(diagnosed OR "date of diagnosis" OR "initial diagnosis" OR "original diagnosis" OR "initial MRI" OR "first MRI" OR "presenting MRI" OR "MRI at diagnosis" OR "initial presentation" OR "presented with" OR "presented to" OR "surgery date" OR "date of surgery" OR "surgery on" OR "resection on" OR "definitive surgery" OR "treatment started" OR "started treatment" OR "treatment start" OR "treatment initiation" OR "first cycle" OR "cycle 1" OR C1D1 OR enroll* OR enrol* OR consent* OR randomiz* OR randomis* OR protocol OR "completed induction" OR "completed consolidation" OR "end of therapy" OR "off therapy" OR "off treatment" OR "vital status" OR "last known alive" OR "last seen" OR "last contact" OR "follow up" OR followup OR surveillance OR "doing well" OR alive OR deceased OR death OR died OR "passed away" OR hospice OR "event free" OR "disease free" OR "progression free" OR "no evidence of disease" OR NED OR "last follow up" OR "last known" OR remission OR "day 1")))
laboratory_recall	((note:("methotrexate level" OR "methotrexate levels" OR "MTX level" OR "MTX levels" OR "methotrexate clearance" OR "MTX clearance" OR "leucovorin rescue" OR glucarpidase OR CTCAE OR "treatment related death" OR "toxic death" OR typhlitis OR "veno occlusive" OR "sinusoidal obstruction" OR "febrile neutropenia" OR "neutropenic fever") OR (note:(tumor OR tumour OR tumors OR tumours OR cancer OR cancers OR oncolog* OR malignan* OR neoplasm* OR carcinoma* OR sarcoma* OR blastoma* OR chemotherap* OR chemo OR radiotherap* OR "radiation therapy" OR "radiation oncology" OR "radiation treatment" OR "malignant cells" OR medulloblastoma* OR ATRT OR "atypical teratoid" OR rhabdoid OR ETMR OR pineoblastoma* OR "embryonal tumor" OR "embryonal tumour" OR PNET OR ACNS0334 OR "ACNS 0334") AND note:("methotrexate level" OR "methotrexate levels" OR "MTX level" OR "MTX levels" OR "methotrexate clearance" OR "MTX clearance" OR "leucovorin rescue" OR glucarpidase OR "creatinine clearance" OR "nuclear GFR" OR "measured GFR" OR "glomerular filtration rate" OR CTCAE OR "veno occlusive" OR "sinusoidal obstruction" OR typhlitis OR mucositis OR transaminitis OR hepatotoxic* OR nephrotoxic* OR ototoxic* OR cardiotoxic* OR "febrile neutropenia" OR "neutropenic fever" OR "central line infection" OR "treatment related death" OR "toxic death" OR ((hemoglobin OR haemoglobin OR Hgb OR Hb OR platelet* OR PLT OR ANC OR creatinine OR CrCl OR GFR OR bilirubin OR ALT OR AST OR SGOT OR SGPT) AND (normal OR elevated OR decreased OR low OR high OR result* OR baseline OR "reference range" OR "upper limit" OR ULN OR "mg/dL" OR "g/dL" OR "U/L" OR "mL/min")) OR ((toxicit* OR "adverse event" OR neutropeni* OR thrombocytopeni* OR sepsis OR bacteremia OR pneumonitis) AND (grade OR severe OR treatment OR chemotherap* OR attributed)) OR "absolute neutrophil count" OR "platelet count" OR "serum creatinine" OR "total bilirubin" OR "delayed clearance"))) OR (note:(tumor OR tumour OR tumors OR tumours OR cancer OR cancers OR oncolog* OR malignan* OR neoplasm* OR carcinoma* OR sarcoma* OR blastoma* OR chemotherap* OR chemo OR radiotherap* OR "radiation therapy" OR "radiation oncology" OR "radiation treatment" OR "malignant cells" OR medulloblastoma* OR ATRT OR "atypical teratoid" OR rhabdoid OR ETMR OR pineoblastoma* OR "embryonal tumor" OR "embryonal tumour" OR PNET OR ACNS0334 OR "ACNS 0334") AND note:(hemoglobin OR haemoglobin OR Hgb OR Hb OR platelet* OR PLT OR ANC OR neutrophil* OR creatinine OR CrCl OR "glomerular filtration" OR GFR OR bilirubin OR albumin OR ALT OR AST OR SGOT OR SGPT OR transaminas* OR transaminitis OR "liver function" OR "renal function" OR "kidney function" OR "methotrexate level" OR "methotrexate levels" OR "MTX level" OR "MTX levels" OR "methotrexate clearance" OR "MTX clearance" OR "delayed clearance" OR leucovorin OR glucarpidase OR nephrotoxic* OR hepatotoxic* OR ototoxic* OR cardiotoxic* OR myelosuppress* OR "organ function" OR CTCAE OR toxicit* OR "adverse event" OR mucositis OR typhlitis OR "veno occlusive" OR VOD OR "sinusoidal obstruction" OR SOS OR sepsis OR bacteremia OR neutropeni* OR thrombocytopeni* OR pneumonitis OR transfus* OR "line infection" OR "treatment related death" OR "toxic death")))
predisposition_recall	((note:("cancer predisposition" OR "tumor predisposition" OR "tumour predisposition" OR "hereditary cancer" OR "cancer genetics" OR "Li Fraumeni" OR Gorlin OR "basal cell nevus" OR "nevoid basal cell" OR Turcot OR "rhabdoid predisposition" OR "rhabdoid tumor predisposition" OR "familial adenomatous polyposis") OR (note:(tumor OR tumour OR tumors OR tumours OR cancer OR cancers OR oncolog* OR malignan* OR neoplasm* OR carcinoma* OR sarcoma* OR blastoma* OR chemotherap* OR chemo OR radiotherap* OR "radiation therapy" OR "radiation oncology" OR "radiation treatment" OR "malignant cells" OR medulloblastoma* OR ATRT OR "atypical teratoid" OR rhabdoid OR ETMR OR pineoblastoma* OR "embryonal tumor" OR "embryonal tumour" OR PNET OR ACNS0334 OR "ACNS 0334") AND note:(germline OR "constitutional variant" OR "constitutional mutation" OR "cancer predisposition" OR "predisposition syndrome" OR "tumor predisposition" OR "tumour predisposition" OR "genetic counseling" OR "genetic counselling" OR "cancer genetics" OR "Li Fraumeni" OR Gorlin OR "basal cell nevus syndrome" OR "nevoid basal cell carcinoma syndrome" OR "rhabdoid predisposition" OR "familial adenomatous polyposis" OR Turcot OR ((SUFU OR PTCH1 OR PTCH OR TP53 OR APC OR BRCA2 OR PALB2 OR SMARCB1 OR SMARCA4 OR DICER1 OR GPR161 OR ELP1 OR CREBBP OR NBN) AND (constitutional OR inherited OR hereditary OR carrier OR heterozygous OR "pathogenic variant" OR "likely pathogenic" OR VUS OR "uncertain significance" OR "blood testing" OR "saliva testing" OR "germline panel" OR "germline testing")) OR ((genetic* OR predispos*) AND ("negative panel" OR "negative testing" OR "no pathogenic variants" OR "pathogenic variant" OR "likely pathogenic" OR VUS OR "uncertain significance" OR "unknown significance")) OR "hereditary cancer" OR "rhabdoid tumor predisposition"))) OR (note:(tumor OR tumour OR tumors OR tumours OR cancer OR cancers OR oncolog* OR malignan* OR neoplasm* OR carcinoma* OR sarcoma* OR blastoma* OR chemotherap* OR chemo OR radiotherap* OR "radiation therapy" OR "radiation oncology" OR "radiation treatment" OR "malignant cells" OR medulloblastoma* OR ATRT OR "atypical teratoid" OR rhabdoid OR ETMR OR pineoblastoma* OR "embryonal tumor" OR "embryonal tumour" OR PNET OR ACNS0334 OR "ACNS 0334") AND note:(germline OR predispos* OR hereditary OR heritable OR inherited OR genetic* OR "family history" OR "Li Fraumeni" OR Gorlin OR "basal cell nevus" OR "nevoid basal cell" OR Turcot OR Fanconi OR "rhabdoid predisposition" OR "familial adenomatous polyposis" OR VUS OR "variant of uncertain significance" OR "variant of unknown significance" OR "pathogenic variant" OR "likely pathogenic" OR "pathogenic mutation" OR constitutional OR SUFU OR PTCH1 OR PTCH OR TP53 OR APC OR PALB2 OR BRCA2 OR DICER1 OR SMARCB1 OR SMARCA4 OR GPR161 OR ELP1 OR CREBBP OR NBN OR "rhabdoid tumor predisposition")))
registry_eligibility_recall	((note:(ACNS0334 OR "ACNS 0334" OR "ATRT excluded" OR "ATRT ruled out" OR "not ATRT" OR "chemotherapy naive" OR "no prior chemotherapy" OR "no previous chemotherapy" OR "anaplastic histology" OR "metastatic disease") OR (note:(tumor OR tumour OR tumors OR tumours OR cancer OR cancers OR oncolog* OR malignan* OR neoplasm* OR carcinoma* OR sarcoma* OR blastoma* OR chemotherap* OR chemo OR radiotherap* OR "radiation therapy" OR "radiation oncology" OR "radiation treatment" OR "malignant cells" OR medulloblastoma* OR ATRT OR "atypical teratoid" OR rhabdoid OR ETMR OR pineoblastoma* OR "embryonal tumor" OR "embryonal tumour" OR PNET OR ACNS0334 OR "ACNS 0334") AND note:(ACNS0334 OR "ACNS 0334" OR "age at surgery" OR "age at definitive surgery" OR "age at resection" OR "newly diagnosed" OR "high risk disease" OR "risk stratification" OR "residual disease" OR "metastatic disease" OR "anaplastic histology" OR "ATRT excluded" OR "ATRT ruled out" OR "not ATRT" OR "confirmed ATRT" OR "diagnosed with ATRT" OR "no prior chemotherapy" OR "no previous chemotherapy" OR "no prior radiation" OR "no previous radiation" OR "no prior therapy" OR "no prior treatment" OR "chemotherapy naive" OR "treatment naive" OR "steroids only" OR "other than steroids" OR "except steroids" OR "adequate organ function" OR "inadequate organ function" OR "shortening fraction" OR "ejection fraction" OR "creatinine clearance" OR "nuclear GFR" OR "measured GFR" OR "eligibility criteria" OR "inclusion criteria" OR "exclusion criteria" OR "meets criteria" OR "does not meet criteria" OR "not eligible" OR "ineligible for" OR ((renal OR hepatic OR liver OR cardiac OR pulmonary OR marrow) AND (adequate OR inadequate OR eligibility)) OR "age at diagnosis" OR "months of age at" OR "under 36 months" OR "less than 36 months" OR "under 3 years" OR "less than 3 years" OR "younger than 3" OR "enrolled on" OR "enrolled in" OR "randomized to" OR "randomised to" OR "informed consent" OR "consented to" OR Lansky OR Karnofsky OR "performance status" OR "not a candidate"))) OR (note:(tumor OR tumour OR tumors OR tumours OR cancer OR cancers OR oncolog* OR malignan* OR neoplasm* OR carcinoma* OR sarcoma* OR blastoma* OR chemotherap* OR chemo OR radiotherap* OR "radiation therapy" OR "radiation oncology" OR "radiation treatment" OR "malignant cells" OR medulloblastoma* OR ATRT OR "atypical teratoid" OR rhabdoid OR ETMR OR pineoblastoma* OR "embryonal tumor" OR "embryonal tumour" OR PNET OR ACNS0334 OR "ACNS 0334") AND note:(ACNS0334 OR "ACNS 0334" OR "age at surgery" OR "age at diagnosis" OR "months old" OR "month old" OR "months of age" OR infant OR "newly diagnosed" OR "new diagnosis" OR "high risk" OR "standard risk" OR "average risk" OR "risk stratification" OR "risk group" OR residual OR metasta* OR anaplas* OR ATRT OR "AT/RT" OR "atypical teratoid" OR "prior therapy" OR "prior treatment" OR "prior chemotherapy" OR "prior radiation" OR "no prior" OR "treatment naive" OR dexamethasone OR Decadron OR steroid* OR "organ function" OR "renal function" OR "hepatic function" OR "liver function" OR "cardiac function" OR "pulmonary function" OR "marrow function" OR "ejection fraction" OR "shortening fraction" OR echocardiogram OR echo OR "pulse oximetry" OR "creatinine clearance" OR GFR OR bilirubin OR ANC OR platelet* OR "performance status" OR Lansky OR Karnofsky OR eligib* OR ineligib* OR enroll* OR enrol* OR protocol OR (age AND (surg* OR resect*)) OR randomiz* OR randomis* OR consent*)))
medulloblastoma_recall	((note:("high dose methotrexate" OR radiotherap* OR "craniospinal irradiation" OR "craniospinal radiation" OR "proton therapy" OR "proton beam" OR "radiation therapy" OR "focal radiation" OR "radiation deferred" OR "radiation omitted" OR "radiation sparing" OR "molecular subgroup" OR "methylation class" OR "WNT activated" OR "SHH activated" OR "non WNT non SHH") OR (note:(tumor OR tumour OR tumors OR tumours OR cancer OR cancers OR oncolog* OR malignan* OR neoplasm* OR carcinoma* OR sarcoma* OR blastoma* OR chemotherap* OR chemo OR radiotherap* OR "radiation therapy" OR "radiation oncology" OR "radiation treatment" OR "malignant cells" OR medulloblastoma* OR ATRT OR "atypical teratoid" OR rhabdoid OR ETMR OR pineoblastoma* OR "embryonal tumor" OR "embryonal tumour" OR PNET OR ACNS0334 OR "ACNS 0334") AND note:("Group 3" OR "Group III" OR "Grp 3" OR Group3 OR Grp3 OR "Group 4" OR "Group IV" OR "Grp 4" OR Group4 OR Grp4 OR "SHH activated" OR "WNT activated" OR "non WNT non SHH" OR "methylation class" OR "methylation profiling" OR "molecular subgroup" OR "molecular subtype" OR "high dose methotrexate" OR "craniospinal irradiation" OR "craniospinal radiation" OR "proton therapy" OR "proton beam" OR "focal radiation" OR "received radiation" OR "completed radiation" OR "radiation deferred" OR "radiation omitted" OR "no radiation" OR "without radiation" OR "radiation free" OR "radiation sparing" OR "date of death" OR deceased OR died OR "passed away" OR "vital status" OR "last known alive" OR "last seen alive" OR "alive and well" OR ((methotrexate OR amethopterin OR Trexall OR Rheumatrex OR Otrexup OR Rasuvo OR Reditrex OR Xatmep OR Jylamvo OR MTX) AND (received OR administer* OR infused OR infusion OR completed OR held OR omitted OR "not received" OR "never received" OR "did not receive" OR "no prior" OR without)) OR "avoid radiation" OR "non WNT" OR ((radiat* OR radiotherap* OR irradiat* OR proton* OR CSI OR XRT) AND (received OR delivered OR completed OR dose OR fraction* OR deferred OR omitted OR avoided OR "not received" OR "never received" OR "did not receive" OR "no prior"))))) OR (note:(tumor OR tumour OR tumors OR tumours OR cancer OR cancers OR oncolog* OR malignan* OR neoplasm* OR carcinoma* OR sarcoma* OR blastoma* OR chemotherap* OR chemo OR radiotherap* OR "radiation therapy" OR "radiation oncology" OR "radiation treatment" OR "malignant cells" OR medulloblastoma* OR ATRT OR "atypical teratoid" OR rhabdoid OR ETMR OR pineoblastoma* OR "embryonal tumor" OR "embryonal tumour" OR PNET OR ACNS0334 OR "ACNS 0334") AND note:(methotrexate OR methotrexate~1 OR amethopterin OR Trexall OR Rheumatrex OR Otrexup OR Rasuvo OR Reditrex OR Xatmep OR Jylamvo OR MTX OR radiat* OR radiotherap* OR irradiat* OR craniospinal OR CSI OR proton* OR photon* OR XRT OR (RT AND (dose OR field OR boost OR craniospinal OR focal OR proton OR photon OR Gy OR cGy OR fraction* OR planning OR simulation OR received OR completed OR deferred OR omitted OR declined OR consult OR oncology)) OR Gy OR cGy OR CGE OR "Group 3" OR "Group III" OR "Grp 3" OR Group3 OR Grp3 OR "Group 4" OR "Group IV" OR "Grp 4" OR Group4 OR Grp4 OR SHH OR WNT OR "sonic hedgehog" OR methylat* OR subgroup* OR "molecular subgroup" OR "molecular subtype" OR "molecular group" OR deceased OR died OR death OR "passed away" OR expired OR hospice OR "vital status" OR "last known alive" OR "last seen alive" OR "last follow up" OR alive OR "doing well" OR "no evidence of disease" OR "disease free" OR "event free")))
